wp1255	"phase i biontransformations, non p450"	esd	pon1	ces2c	lipa	pon2	ces1g	ces5a	pon3
wp1256	nlr proteins	ephb2	rela	chuk	erbin	ikbkb	cd40	map3k7	ikbkg	mapk8
wp1257	mismatch repair	lig1	pold1	exo1	mlh1	pcna	msh2	rfc1	rpa1	msh6
wp1258	homologous recombination	brca2	rad52	rad50	rad51	pold1	pold2	pold4	mre11a	rad54b	pold3	atm	rpa1	nbn
wp1259	retinol metabolism	sult1a1	crabp2	crabp1	bco1	scarb1	adh1	cyp26a1	rarb	rdh10	npc1l1	rdh8	aldh1a1	rbp7	lrat	cyp2e1	cyp26b1	rara	rbp2	cd36	aldh1a3	retsat	dhrs3	aldh1a2	sult2b1	adh4	lpl	rdh5	abcg5	rxrb	rxrg	rxra	rbp4	rlbp1	rpe65	abcg8	rarg	rbp1	rdh12
wp386	triacylglyceride synthesis	lipc	agpat5	agps	gnpat	dgat2	agpat1	plpp1	gpam	agpat3	gpd1	plpp2	agpat2	lipe	gk2	lipf	dgat1	lpl	plpp3	pnpla2	agpat4	gk	mogat2
wp3864	robo4 and vegf signaling pathways crosstalk	rac1	robo4	src	vegfa	kdr	slit2
wp1770	one carbon metabolism and related pathways	gss	mthfr	pemt	gpx6	gnmt	cdo1	tyms	bcat1	dnm1	dhfr	sod2	sod3	sod1	pcyt1b	gpx2	cept1	csad	gpx1	gad2	gad1	gclm	chkb	sardh	bcat2	gpx3	baat	chdh	pcyt1a	mat1a	shmt1	agxt2	bhmt2	dmgdh	ahcyl1	etnk1	etnk2	gpx7	gsr	cth	mtr	mat2a	gpx5	dnmt3a	gclc	shmt2	pld1	bhmt	chpt1	cbs	pcyt2	chka	gpx4
wp189	"gpcrs, class a rhodopsin-like"	olfr15	olfr16	olfr17	olfr19	ccrl2	gpr35	ccr5	ccr8	adora2b	ccr1l1	ccr3	ccr2	ccr4	adra1b	adra1a	ackr3	f2rl2	olfr145	olfr711	olfr2	chrm3	agtr1a	chrm4	gpr63	oxt	olfr961	oprl1	olfr151	oprk1	oprd1	c5ar1	olfr945	mc3r	olfr876	olfr874	npy2r	npy1r	mc2r	sstr1	olfr937	sstr3	sstr2	sstr5	sstr4	p2ry6	npy6r	npy5r	olfr955	bdkrb1	bdkrb2	f2rl3	f2r	f2rl1	opn3	adora3	olfr943	npy4r	chrm1	olfr954	olfr713	olfr714	olfr705	adora2a	cmklr1	cxcr5	p2ry2	oprm1	ackr2	drd3	drd4	c3ar1	olfr703	opn4	gpr3	olfr706	olfr944	olfr959	ptger4	cckar	cckbr	mas1	p2ry14	ednrb	tcp10b	lhcgr	olfr893	fpr-rs4	fpr-rs3	fpr1	fpr3	agtr2	agtr1b	ptger3	grpr	cysltr1	gpr65	ptger1	ptger2	ptgdr	olfr44	gper1	nmbr	gpr83	avpr1a	olfr49	olfr146	olfr957	gabbr1	avp	ccr6	avpr2	olfr155	olfr156	tshr	olfr701	olfr160	fpr2	cnr2	olfr159	gpr34	olfr70	mc5r	mc4r	ntsr2	ntsr1	olfr878	htr1f	htr1b	htr1a	htr1d	rrh	fshr	htr2b	htr2a	aplnr	gpr12	opn1mw	olfr934	olfr888	olfr1537	sucnr1	gpr87	ptafr	olfr716	olfr710	cnr1	olfr887	olfr749	gpr50	olfr972	p2ry13	olfr971	nmur1	olfr968	olfr970	trhr	olfr889	hrh1	olfr148	hrh2	galr1	trhr2	rgr	galr2	galr3	ptgir	ptgfr	cx3cr1	olfr71	olfr715	avpr1b	olfr926	hcar2	rho	p2ry12	olfr707	opn1sw	olfr938	olfr6	gpr37l1	olfr1532-ps1	olfr933	olfr960	p2ry1	olfr242	mc1r	olfr27	chrm2	olfr894	olfr870	ltb4r1	mtnr1a	olfr143	olfr480	adra2a	adra1d	adra2c	adra2b	adrb2	adrb1	adrb3	htr5b	htr6	htr7	htr2c	htr4	htr5a	olfr930	ptgdr2	ccr9	ccr1	gpr27	gpr19	gpr37	gpr33	gpr45	cxcr4	cxcr3	cxcr2	oxtr	tbxa2r	brs3	p2ry4
wp193	signaling of hepatocyte growth factor receptor	jun	ptpn11	stat3	pak1	pik3ca	crkl	crk	mapk1	dock1	gab1	src	mapk3	itgb1	itga1	mapk8	met	rapgef1	elk1	map2k1	map2k2	raf1	rasa1	grb2	rap1b	pten	ptk2	hras	sos1	map4k1	fos	hgf	rap1a	pxn	ptk2b
wp200	"complement activation, classical pathway"	c7	masp1	c8a	c4b	c1qa	c9	c1ra	hc	cd55	c4a	c8b	c2	c1qc	c1s1	c1qb	c3	c6
wp202	hypertrophy model	ankrd1	il18	zeb1	mstn	dusp14	nr4a3	jund	cyr61	atf3	wdr1	il1r1	vegfa	il1a	adam10	myog	eif4e	ifrd1	hbegf	eif4ebp1	ifng
wp1	statin pathway	mttp	lipc	apoa4	apoc1	apoe	lrp1	apoa1	lcat	hmgcr	dgat1	ldlr	cyp7a1	scarb1	lpl	apoc2	abca1	soat1	pltp	apoc3
wp10	il-9 signaling pathway	ptpn11	stat3	tyk2	pik3r1	stat1	mapk1	il9	mapk3	jak1	jak3	kat5	map2k1	map2k2	stat5a	stat5b	grb2	socs3	irs1	il2rg	shc1	irs2	vcp	akt1	il9r
wp103	cholesterol biosynthesis	hmgcr	cyp51	nsdhl	mvk	hmgcs1	mvd	fdft1	fdps	sqle	sc5d	idi1	dhcr7	msmo1	lss	pmvk
wp108	selenium metabolism-selenoproteins	txnrd1	pou2f1	jun	gpx6	rela	selenow	nfkb1	sephs1	gpx2	txnrd3	selenot	msrb1	dio3	gpx3	eefsec	selenoh	pstk	trnau1ap	selenok	scly	selenon	selenos	crem	cth	rpl30	selenbp1	selenbp2	gpx1	sars2	sephs2	selenov	selenom	secisbp2	dio2	dio1	fabp1	sepsecs	sars	txnrd2	sp1	selenoo	nfe2l2	sp3	fos	gpx4	selenop	selenoi
wp113	tgf beta signaling pathway	jun	stat3	fkbp1a	skil	ski	stat1	thbs1	smad7	smad4	smad5	bambi	mapk3	nfkb1	jak1	spp1	smad2	ltbp1	smad1	lef1	runx3	runx2	smad3	zfyve9	tgfbr3	tgfbr2	bmp4	mapk9	ifng	hras	inhba	zfp423	foxh1	tgif1	crebbp	zeb2	nog	eng	smad6	itgb6	fos	ep300	fst	tfe3	ctnnb1	lif	egf	tnf	tgfb1	smad9	tgfbr1	serpine1	wnt1
wp116	hedgehog signaling pathway	shh	ski	ptch2	ptch1	gas1	gli2	gli1	dhh	dyrk1a	sin3a	sufu	hhip	stk36	igf2	ihh	gli3	crebbp	smo	rab23	cdk1	sap18	ccnb1
wp1241	glucuronidation	ugt2a3	ugt2a1	pgm1	ugt1a1	ugt1a2	pgm2	ugdh	ugp2	ugt2b1	ugt2b34	pgm3	hk1	ugt1a10	ugt2a2	ugt1a5	pgm5
wp1242	non-homologous end joining	xrcc4	xrcc5	rad50	prkdc	mre11a	nhej1	xrcc6
wp1243	ebv lmp1 signaling	hsp90aa1	irak1	traf6	map3k7	ccl20	nfkb2	chuk	nfkb1	pdlim7	rela	traf1	ifnb1	tnf	ccl5	tradd	map3k3	ikbkb	ikbkg	mapk8	mapk1	map3k14
wp1244	estrogen signaling	gngt1	jun	polr2i	gtf2h2	ercc2	ercc3	ccnh	mapk1	polr2h	polr2k	src	gtf2a2	braf	sos1	ccnd1	tbp	sin3a	gtf2f2	hdac5	taf9	polr2b	taf13	esr1	pik3ca	hdac4	elk1	gtf2h1	gtf2h4	gtf2e2	chuk	map2k1	fos	hdac1	hdac7	taf12	ikbkb	hdac8	nfkb1	gnb1	ilk	grb2	taf6	polr2f	creb1	polr2e	crebbp	polr2g	gtf2e1	bcl2	ncor1	brca1	hdac6	gtf2b	ikbkg	hras	hdac2	mnat1	mapk9	hdac3	taf5	gnas	cdk7	polr2a	sp1	polr2j	taf7	prkaca	polr2c	ep300	gper1	gtf2h3	mapk14	akt1	shc2
wp1245	keap1-nrf2	cebpb	hmox1	maf	ephb2	keap1	aimp2	gclm	gsta2	gclc	prkca	nqo1	nfe2l2	mapk8	pik3ca
wp1246	hypothetical network for drug addiction	gria1	terf2ip	mapk1	mapk3	gria3	map2k1	gria2	drd1	gria4	map2k2	prkce	ppa1	zhx2	creb1	grin1	nisch	grm5	acta1	drd2	adcy8	camk4	krit1	camk2b	grm1	grin2d	grin2c	grin2b	grin2a	adcy1	drd4	prkaca
wp1247	methylation	inmt	mat2b	mat2a	pnmt	hnmt	nnmt	mat1a	comt	tpmt
wp1248	oxidative phosphorylation	ndufb5	atp5g2	atp5d	atp5a1	atp5b	ndufs8	mt-atp6	ndufa11	ndufa4l2	mt-nd4l	atp5s	mt-nd6	ndufa3	ndufa10	ndufb2	ndufv3	ndufs7	ndufb9	ndufs5	mt-nd5	ndufa8	ndufa7	atp6ap2	ndufs1	atp5e	ndufc1	ndufc2	ndufs3	ndufb8	atp5k	atp5h	ndufb7	atp5j	atp5g1	atp5f1	mt-nd2	mt-nd1	atp5l	ndufv2	ndufs4	mt-nd4	mt-nd3	ndufs6	ndufv1	ndufb6	ndufs2	ndufa4	ndufa2	ndufb10	atp5g3	atp5j2	ndufa6	atp5o	ndufa9	gzmb	ndufa5	atp6ap1
wp1249	epo receptor signaling	stat3	epo	epor	ptprc	stat1	mapk1	src	mapk3	jak2	pik3cg	map2k1	pdk1	map2k2	stat5a	raf1	rasa1	stat5b	grb2	ptpru	cish	socs1	irs1	sos1	shc1	akt1	irs2
wp1250	arachidonate epoxygenase epoxide hydrolase	cox8a	cox5a	ephx2
wp1251	metapathway biotransformation	sult1a1	gsta1	gal3st2	gss	gsta3	gsta2	gal3st1	hs3st6	akr1d1	gal3st4	fmo1	fmo3	fmo5	gpx2	gpx2-ps1	gpx1	fmo4	cyp24a1	gpx3	cyp26a1	sult4a1	chst14	cyp4v3	ugt2a3	ephx1	sult2b1	naa20	chst11	akr1b3	nat10	ugt1a6a	cyp26b1	fmo2	gstk1	gsto2	gpx4	akr1a1	mgst2	naa40	ephx2	kcnab3	kcnab2	ndst1	chst8	cyp39a1	kcnab1	nat9	nat8	tpmt	akr1b10	inmt	chst9	gstm7	sult1c2	cyp2r1	hnmt	baat	chst1	nat14	sult2a1	cyp4x1	hs3st3b1	hs3st4	ndst2	comt	ndst3	cyp2w1	cyp2s1	nat8l	cyp51	mgst1	sult6b1	chst13	cyp26c1	chst7	ugt1a2	chst5	nnmt	cyp27a1	ndst4	hs3st2	chst3	nat2	cyp8b1	cyp7a1	cyp7b1	cyp4b1	gstcd	ugt2a2	naa80	gal3st3	cyp11b1	gsr	cyp4f18	akr7a5	cyp4f39	cyp46a1	cyp27b1	cyp20a1	sult1b1	gstz1	chst12	gstt1	gstp1	gsto1	gstt2	sult1e1	hs3st5	hs3st3a1	chst2	hs3st1	chst4	ugt1a1	glyat	naa50	mgst3	cyp2e1	cyp2f2	naa30	gstm5	cyp2u1	gstm4	gstm1	gsta4	chst10	gpx5	cyp11a1	cyp11b2	cyp17a1	cyp19a1	cyp1a1	cyp1a2	cyp1b1	cyp21a1	hs2st1	hs6st3	hs6st2	hs6st1	ugt1a9	ugt1a5	ugt1a10
wp1252	amino acid conjugation of benzoic acid	acss2	glyat
wp1253	type ii interferon signaling (ifng)	isg15	ptpn11	tap1	irf8	stat2	stat1	cxcl10	reg1	jak1	icam1	jak2	hist2h4	spi1	ifnb1	prkcd	ifngr1	ifng	ifit2	irf2	irf1	socs1	socs3	nos2	irf4	gbp2b	eif2ak2	psmb9	cxcl9	cybb	irf9	il1b	ifngr2	ciita
wp1254	apoptosis	prf1	traf3	jun	mapk10	irf4	bok	cradd	pik3r1	nfkbia	rela	cflar	nfkbib	irf6	nfkb1	apaf1	irf7	tnfrsf10b	irf3	nfkbie	trp53	casp8	casp9	myc	hells	bak1	dffb	tnfrsf25	bad	trp63	igf2	pmaip1	igf1	igf1r	ripk1	tnfrsf1a	tnfrsf1b	mcl1	map2k4	traf2	fasl	fas	tnfrsf21	gzmc	lta	casp2	tnf	xiap	traf1	irf2	irf1	fadd	bcl2l2	tnfsf10	irf5	scaf11	bcl2l1	ikbkg	bax	map3k1	casp3	diablo	birc5	bid	casp4	casp1	trp73	birc2	birc3	casp7	casp6	bnip3l	chuk	tradd	ikbkb	mdm2	hrk	akt1	bcl2l11	bcl2	dffa
wp1261	erbb signaling pathway	jun	gab1	pik3r5	crk	nrg2	mtor	gsk3b	mapk1	src	nrg1	mapk8	eif4ebp1	akt3	map2k1	myc	hbegf	bad	shc2	elk1	prkca	araf	stat5a	nrg4	erbb2	cblc	pak4	erbb4	areg	erbb3	ereg	grb2	nrg3	map2k7	egf	ptk2	hras	sos1	egfr	plcg1	abl1	cdkn1b	nck1	cdkn1a	camk2a	tgfa	btc
wp1262	aflatoxin b1 metabolism	ephx1	gstm1	gstt1	akr7a5	cyp1a2
wp1263	mitochondrial gene expression	polrmt	ppargc1a	ppargc1b	hcfc1	sp1	gabpb2	nrf1	ppp3ca	mterf3	tfam	myef2	tfb1m	gabpa	camk4	esrra	mterf1a	tfb2m	creb1	pprc1
wp1264	estrogen metabolism	sult1a1	gstm1	cyp1a1	cyp1a2	cyp1b1	nqo1	sult1e1	ugt1a6a	ugt1a1	ugt1a9	gsta1	comt	ugt1a2
wp1265	polyol pathway	aldob	khk	sord	akr1b3
wp1266	sids susceptibility pathways	en1	fev	ybx1	vipr2	rest	nkx3-1	scn5a	hspd1	htr1a	nfkb1	maoa	il6ra	nfya	c4a	htr2a	il6	hes1	phox2b	tph1	ppargc1a	ryr2	chrnb4	cdca7l	hes5	cav3	phox2a	tlx3	vipr1	tph2	nkx2-2	gnb3	foxm1	gata2	pou3f2	c4b	chrnb2	kcnq1	rora	kcnh2	creb1	ar	cc2d1a	lmx1b	avp	ppargc1b	ascl1	deaf1	slc6a4	gata3	sp1	adcyap1	nr3c1	ddc	tnf	chrna4	ep300	ret	il10	adcyap1r1	ctcf	ece1
wp1269	fatty acid beta oxidation	lipc	acss2	slc25a20	cpt1b	cpt1a	cpt2	gpd2	hadh	decr1	hadhb	tpi1	acsl6	acsl3	chkb	crat	acadl	acads	acsl4	acat1	gcdh	acsl5	dld	hadha	lipe	gk2	lipf	acsl1	lpl	pnpla2	acadvl	gk	echs1	acadm	eci1
wp1270	endochondral ossification	cdkn1c	fgfr1	fgf18	fgf2	ddr2	ift88	sox5	stat1	enpp1	mef2c	kif3a	col10a1	spp1	mmp13	gli3	prkaca	adamts5	scin	timp3	plat	plau	runx3	mmp9	hdac4	serpinh1	runx2	igf2	slc38a2	igf1	igf1r	stat5b	ihh	acan	alpl	ctsl	frzb	hmgcs1	thra	tgfb1	calm1	nkx3-2	chst11	cab39	col2a1	ptch1	sox6	cst10	ghr	mgp	sox9	fgfr3	pthlh	pth	bmpr1a	bmp6	adamts4	vegfa	bmp7	tgfb2	akt1	adamts1	pth1r
wp1271	toll-like receptor signaling pathway	jun	stat1	tlr9	casp8	cd86	chuk	ifna14	il12b	mapk12	irf7	map2k7	tlr5	map3k7	tirap	il1b	ly96	irak1	mapk1	map3k8	mapk14	mapk3	mapk10	mapk13	spp1	irf3	map2k1	map2k3	map2k2	map2k6	map2k4	rac1	myd88	mapk9	tab2	tlr7	cd80	il12a	fos	ikbkb	ikbkg	traf3	tlr3	traf6	cxcl10	rela	tlr2	akt3	lbp	tab1	ripk1	cd40	ticam1	tlr8	cd14	cxcl9	irak4	pik3cd	pik3ca	pik3r5	pik3r2	pik3r1	tollip	nfkbia	nfkb2	pik3cb	nfkb1	il6	mapk8	tlr6	tnf	tlr1	pik3cg	ifnb1	ifnar2	ifnar1	cxcl11	ifna7	ikbke	mapk11	tbk1	pik3r3	ifna5	fadd	irf5	ticam2	ccl5	ifna13	tlr4	ccl3	ccl4	ifna1	ifna2	ifna4	akt2	ifna6	akt1
wp1272	selenium micronutrient network	mthfr	gpx6	mt-co1	mt-co2	gpx2	gpx1	alox5	gpx3	cat	pnpo	selenok	xdh	ptges	gsr	ptgds	mtr	kmo	selenop	ptgis	tbxas1	gpx4	fads1	fads2
wp1273	folic acid network	mthfr	gpx6	gpx2	gpx1	alox5	msrb1	gpx3	cat	pnpo	selenok	txnrd1	xdh	ptges	gsr	ptgds	mtr	kmo	cbs	txnrd2	selenow	ptgis	gpx4	fads2
wp1274	oxidation by cytochrome p450	por	cyp39a1	cyp4v3	cyp27a1	cyb5r4	cyb5r2	cyp24a1	cyp26a1	cyp8b1	cyp7a1	cyp7b1	cyp4b1	cyp51	cyb5r1	cyp2e1	cyp2f2	cyp26b1	cyp46a1	cyp4x1	cyp2u1	cyp2r1	cyp11b1	cyb5b	cyp4f18	cyb5r3	cyp17a1	cyb5a	cyp19a1	cyp11a1	cyp11b2	cyp4f39	cyp1a1	cyp2w1	cyp1a2	cyp1b1	cyp21a1	cyp2s1	cyp26c1	cyp27b1	cyp20a1
wp1396	non-odorant gpcrs	crhr1	avpr2	crhr2	ccrl2	glp2r	gpbar1	cxcr1	adora3	ccr7	ccr8	grm2	ccr1l1	ccr3	ccr2	avpr1b	adra1b	adra1a	ackr3	f2rl2	ltb4r2	casr	f2r	chrm3	fpr1	chrm4	drd2	drd1	gpr17	ptger4	gprc6a	oprk1	oprd1	c5ar1	ccr9	htr7	p2ry14	npy1r	mc2r	sstr1	hcrtr2	sstr3	sstr2	sstr5	sstr4	p2ry6	opn4	npy5r	fzd1	nmur2	bdkrb1	bdkrb2	f2rl3	adgre5	f2rl1	npsr1	opn3	ghsr	npffr2	vipr2	npy4r	rxfp2	lpar1	lpar5	s1pr1	adgrg2	adora2a	tas2r137	ccr10	c5ar2	pth1r	cxcr5	p2ry2	oprm1	adgre1	drd3	drd4	c3ar1	prokr1	ptgdr	ffar3	ccr4	ptafr	tas2r144	gpr119	cckar	cckbr	mc1r	sctr	prokr2	ednrb	adgrl4	grm1	mrgprd	ednra	s1pr3	s1pr4	ffar2	htr2a	qrfpr	agtr1a	gpr143	ptger2	grm8	gpr68	agtr2	agtr1b	adora2b	ptger3	grpr	chrm1	cysltr1	fzd2	gprc5b	smo	gpr65	ptger1	grm5	s1pr5	grm7	opn5	drd5	gper1	nmbr	grm6	avpr1a	mc3r	ghrhr	calcr	rxfp3	calcrl	gabbr1	gcgr	gpr132	adcyap1r1	taar1	celsr2	mtnr1b	adgrb2	tas2r130	cnr2	tas2r103	tas2r126	adrb1	chrm5	grm3	tmigd3	kiss1r	mc5r	mc4r	ntsr2	ntsr1	cysltr2	tacr1	tacr2	htr1f	ackr2	htr1a	htr1d	rrh	adrb2	htr2b	cxcr6	tacr3	aplnr	s1pr2	adrb3	gprc5d	hcrtr1	hrh3	sucnr1	tas2r123	hcar2	tas2r121	vipr1	tas2r110	tas2r118	gpr174	tas2r140	gpr15	ffar1	p2ry13	rxfp4	mchr1	trhr	lhcgr	ccr1	rxfp1	tshr	lpar6	hrh1	hrh2	galr1	adora1	gpr6	pth2r	gipr	ffar4	adgrl1	galr2	hrh4	gpr18	ptgir	ptgfr	fshr	cx3cr1	xcr1	npy2r	glp1r	adgrb3	adgrb1	adgrl3	lpar4	oxgr1	p2ry12	ccr6	fzd7	fzd6	grm4	gnrhr	adgre4	uts2r	ackr1	fzd3	fzd5	fzd4	celsr1	lpar3	npbwr1	gabbr2	adgrl2	p2ry1	htr1b	chrm2	lpar2	ltb4r1	mtnr1a	tas2r108	p2ry10	adra2a	adra1d	adra2c	adra2b	mas1	npy6r	cnr1	htr5b	htr6	fzd8	fzd9	htr2c	htr4	htr5a	gpr50	nmur1	adgrg1	rgr	cxcr4	cxcr3	cxcr2	tas2r119	oxtr	tbxa2r	tas2r105	prlhr	gprc5a	p2ry4	celsr3
wp1397	odorant gpcrs	olfr13	gpr22	olfr15	mrgpre	olfr18	olfr19	mrgprb3	vmn1r54	gpr55	gpr101	adgra3	tas1r1	gpr108	olfr145	adgrg6	olfr187	olfr186	gpr63	olfr149	gpr21	oprl1	gpr142	olfr148	gpr156	gpr149	olfr482	olfr6	lgr4	olfr1095	vmn1r46	gpr88	taar4	taar2	vmn1r53	v1ra8	olfr142	gpr160	adgrg7	tas2r102	gpr157	olfr958	adgrf4	olfr508	taar7e	cmklr1	olfr481	gpr155	gpr165	gpr89	olfr507	adgrg5	lgr6	gpr31b	olfr1030	olfr1086	mrgprh	olfr502	gpr176	vmn1r43	vmn1r47	gpr75	olfr9	slc52a2	vmn1r52	vmn1r42	gpr183	adgrf1	mrgprf	tas2r139	olfr1	olfr11	tpra1	wls	vmn2r-ps54	taar9	olfr63	gpr82	gpr107	tas2r116	tas2r134	tas2r135	tas2r138	tas2r143	adgrf2	gpr141	gpr84	gpr83	adgrg4	olfr146	gpr25	gpr150	tas2r114	gpr146	gpr20	gpr173	tas2r129	mrgprg	tas2r124	gpr34	gpr153	adgra2	olfr140	gpr137c	olfr1444	tas2r117	olfr1002	gpr26	olfr1009	gpr12	olfr867	taar6	taar5	olfr12	tas2r136	gpr87	gpr139	tas2r120	mrgpra1	tas2r113	tas1r2	tas1r3	tas2r106	tas2r104	tas2r109	tas2r107	mrgprb8	adgrd1	mrgprx1	adgrg3	gpr135	hcar1	gpr162	olfr3	olfr1094	gpr152	olfr183	olfr1020	olfr24	vmn1r48	taar3	gpr37	mrgprb5	gpr161	gpr4	olfr1052	gpr182	gpr35	gpr180	mrgprb1	mrgprb4	mrgpra4	gpr3	gpr179	olfr472	gpr61	rho	mrgprb2	opn1sw	vmn1r51	vmn1r45	gpr85	gpr37l1	olfr139	vmn2r1	opn1mw	olfr1102	olfr147	brs3	olfr10	mrgpra6	olfr480	gpr158	gpr1	olfr160	gpr137	lgr5	olfr1038-ps	ptgdr2	olfr1019	gpr27	gpr19	olfr1044	gpr33	adgrf3	tas2r125	gpr137b	olfr154	gpr171	adgrf5
wp1398	orphan gpcrs	gpr165	gpr89	gpr4	gpr179	gpr31b	gpr108	tpra1	wls	gpr137c	gpr137b	adgrf2	vmn2r-ps54	gpr180	slc52a2	gpr137	adgrf5	adgrg4	gpr155	gpr161	gpr107
wp1496	oxidative damage	traf2	traf3	traf6	mapk10	map3k9	gadd45a	mapk13	cr2	nfkbie	nfkb1	cdc42	cyct	casp9	cycs	bag4	bad	c1qa	tnfrsf1b	c1s1	c5ar1	apaf1	map2k4	tdp2	traf1	map3k1	bcl2	hc	c1ra	casp3	bak1	tnk2	cdkn1b	cdkn1c	cdkn1a	pcna	tnf	c4b	c1qc	c2	c1qb	c3ar1
wp1498	dopaminergic neurogenesis	sox2	stat3	lmx1a	en2	en1	fgf8	neurod1	wnt1	shh	msx1	gli2	gli1	gbx2	aldh1a1	ret	nr4a2	otx2	th	slc6a3	nkx2-2	nkx6-1	ascl1	slc18a2	lmx1b	cdkn1c	ddc	foxa2	tgfb1	pitx3	neurog2
wp150	dna replication	rfc3	gmnn	mcm7	orc3	cdc7	rfc2	cdc6	pold3	prim2	prim1	pold1	pold2	pole	pole2	cdk2	mcm3	mcm2	mcm4	rpa1	mcm5	mcm6	uba52	rpa3	rfc4	rfc5	rfc1	orc5	orc4	ubc	pold4	cdt1	pola2	pola1	mcm10	pcna	cdc45	rpa2	dbf4	orc1	orc2	orc6
wp1500	"shh, fgf8, stat3"	stat3	lmx1a	fgf8	foxa2	shh	msx1
wp151	il-5 signaling pathway	hcls1	jun	ptpn11	sox4	icam1	crkl	pik3r2	pik3r1	stat1	gsk3b	nfkbia	mapk1	stat3	ywhaz	csf2rb	mapk3	nfkb1	jak1	jak2	rps6ka1	il5	il5ra	gsk3a	ccnd3	alox5	cbl	pik3cg	shc2	elk1	rac1	prkcb	map2k2	lyn	raf1	unc119	stat5a	itgam	vav1	hck	stat5b	hras	syk	sdcbp	rap1gap	grb2	kras	foxo3	ptpn6	socs1	pim1	il2rb	dnm2	shc1	bax	mapk9	atf2	sh2b2	itgb2	prkcd	ctnnb1	cdkn1b	alox5ap	rapgef1	pla2g4a	mapk14	akt1	ptk2b	btk
wp1526	regulation of cardiac hypertrophy by mir-208	myh7	gata4	med13	hopx	mstn	mir208b	gja5
wp1560	micrornas in cardiomyocyte hypertrophy	stat3	pik3cd	map2k2	cish	fgf2	tab1	pik3r2	pik3r1	pdpk1	gsk3b	mapk1	nppb	mapk14	mapk3	nfkb1	nrg1	il6st	mapk8	rock1	dvl1	ikbkb	mylk	mylk3	plcb2	fzd1	rock2	chuk	edn1	pik3ca	hdac4	ppp3ca	ppp3cb	mapk7	map2k1	prkcb	igf1	agt	calm1	map2k5	igf1r	map2k6	map2k4	raf1	rac1	hdac5	ikbke	fzd2	pik3r3	camk2d	rhoa	rcan1	prkg1	hdac7	mtor	map2k7	myef2	cdk9	wnt5a	nfatc4	wnt3a	gata4	eif2b5	mapk4	fgfr2	akt1	map2k3	cdk7	lrp5	ctnnb1	lif	egf	lrp6	tnf	map3k14	tgfb1	hdac9	pik3cg	akt2	ikbkg	pla2g2a	nppa	pik3cb	ctf1
wp157	glycolysis and gluconeogenesis	pfkm	slc2a1	slc2a2	slc2a3	slc2a4	hk2	pgam1	pgk2	ldha	pdha2	gm13882	mpc1	got1	got2	pdha1	hk3	tpi1	gapdh	pfkp	pgam2	gpi1	mdh1	dlat	dld	fbp2	pgk1	pcx	mdh2	pklr	fbp1	slc2a5	aldob	ldhc	eno3	ldhal6b	gapdhs	eno2	eno1	g6pc	aldoa	aldoc	pdhx	gck	pfkl	pdhb	pkm	mpc2	hk1	pck1	ldhb
wp1596	iron homeostasis	hfe	tnf	hamp	hfe2	ftl1	il6ra	ireb2	trf	fth1	il1a	tfr2	slc40a1	hamp2	il6
wp163	cytoplasmic ribosomal proteins	rpl41	rpl22	rpl21	rps21	rpl13	rps3a1	rpl36	rps27	rps10	rpl11	rpl8	rpl32	rpl32-ps	rps7	rps23	rps13	rps8	rps6ka1	rps6ka2	rpl3	rpl38	rpsa	rpl18a	rps27a	rps15	rps16	rpl31	rpl35a	rpl27a	rpl36a	rps29	rpl37a	rpl35	rps25	rps2	rpl6	rpl7	rps19	rpl10	rpl23a	rpl19	rps20	rpl39	rplp2	rps15a	fau	rplp0	rplp1	rps18	rps6ka3	rpl4	rpl12	rpl30	rps3	rpl9	rps28	rpl28	rpl26	rps6	rpl13a	rps4x	rps5	rps26	rps12	rps11	rpl34	rps14	rps17	rpl29	rpl24	rpl7a	rpl10a	rpl17	rpl37	rpl27	rps6kb2	rps24	rpl18	rpl15
wp164	glutathione metabolism	gpx2	oplah	gpx1	gsta1	gpx4	anpep	gss	gclm	idh1	gstt2	gsr	gpx3	gclc	gstm7	ggt1	gstt1	ggt5	g6pdx	gstm2
wp166	apoptosis modulation by hsp70	casp8	casp3	fas	mapk10	casp2	tnfrsf1a	gm10108	casp7	casp6	map3k1	fadd	ripk1	casp9	nfkb1	apaf1	aifm1	hspa1a	bid
wp175	acetylcholine synthesis	pemt	chka	pdha2	chat	pcyt1a	ache	pdha1
wp387	il-6 signaling pathway	jun	mapt	stat3	tyk2	hck	foxo4	stat1	gsk3b	hsp90aa1	mapkapk2	casp9	hnf1a	rb1	daxx	ppp2r5e	stat5b	ar	socs3	map3k4	map3k7	ppp2r5c	hspb1	eif4ebp1	eif4e	cdk9	ppp2r5d	plcg1	nlk	ep300	ppp2r3a	ppp2r5a	fyn	hdac1	mapk1	mapk14	ppp2r2a	mapk8	rps6ka2	il6ra	bad	fgr	map2k1	map2k2	lyn	raf1	map2k6	map2k4	rac1	erbb3	erbb2	crebbp	ncoa1	fos	foxo1	btk	inpp5d	gab2	gab1	ppp2r1b	rps6kb1	cdk5r1	cdk5	tec	ppp2ca	ppp2cb	prkcd	cd40	grb2	eif2a	hras	shc1	ptpa	ppp2r2c	ptk2b	mapk3	ptpn11	pik3r2	pik3r1	sgk1	stat5a	nfkb1	fes	jak1	il6st	jak2	ppp2r1a	il6	ppp2r2b	vav1	foxo3	cebpb	ptk2	sos1	pxn	casp3	inppl1	ppp2r5b	akt1	bmx
wp396	ace inhibitor pathway	kng1	agtr1a	agt	nos3	ren1	ace	bdkrb2	agtr2
wp3979	mir-193a and mvp in colon cancer metastasis	mvp	myc	mir193a	ccnd1	ccnd2	g3bp1	caprin1
wp3991	mir-127 in mesendoderm differentiation	mir127	lefty2	foxa2	acvr1	smad4	cfc1	t	acvr2a	smad2	nodal
wp401	mitochondrial lc-fatty acid beta-oxidation	ehhadh	slc25a20	cpt1a	acadm	cpt2	acadl	acads	acadvl	acsl4	acsl1	pecr	hadha	acsl3	hadh	scp2	eci1
wp1763	plurinetwork	sox2	fgf4	fgf5	stat3	klf4	zic2	id1	rest	zfp143	rr18	gsk3b	nppb	ins1	myod1	nr2f6	parp1	zic3	rif1	apc	mtf2	map2k1	hells	atrx	kdm4c	insr	satb2	pias4	zmym2	cad	otx2	rbbp4	cubn	hck	dazl	bmp4	zfx	gbx2	dpysl2	npr1	jarid2	grsf1	thap11	ctnnb1	twist1	hand2	ehmt1	sall3	rbpj	aes	mpl	pim3	lrp5	cdc73	tcl1	elp4	spp1	sp3	gata6	ctbp1	ctbp2	rbl2	leo1	lyar	mdm2	smurf1	atf2	sf1	sp1	ctcf	acvr1b	gatad2a	pou2f1	trim24	trim28	smo	hdac1	plet1	zfp57	tfe3	tpo	mapk3	dvl1	itgb1	sall4	ddb1	ezh2	ezh1	myc	smarcad1	hdac2	phc1	wdr61	acvr1	mapk1	mybl2	nedd4l	kdm5c	ctr9	ep300	klf2	raf1	dkk1	stk40	smad1	nr2f1	akt1	nr2c1	inhbb	kdm6b	cdx2	kdm1a	creb1	pten	crebbp	shh	pou5f1	fgfr1	zfp42	mta2	wnt5a	fbxo15	wnt3a	lef1	dnmt1	mycn	zfp281	dnmt3b	ccnd1	psen1	ptprs	cdkn1a	etv5	acvr1c	ncl	ncoa1	axin1	terf2	smarca2	tert	prkaca	zfp219	nr0b1	fos	smarca4	tsix	esrrb	perp	smarcc1	dgka	kdm3a	ewsr1	lifr	gab1	icam1	nme2	bcam	pbrm1	p4ha1	trim33	kpna2	rel	rela	smad4	nobox	nfkb1	uhrf1	dppa4	rras	smad2	smad3	relb	nodal	kat5	ipo9	xist	t	rybp	cdk2ap1	pml	satb1	cdk2	ssrp1	prkcg	socs2	dnmt3l	rcor2	ocln	igfbp3	nr2f2	wwp2	yy1	casp3	eras	ercc5	tcf7	nacc1	tle2	gatad2b	grb2	tbx3	cer1	gadd45gip1	rnf2	utf1	brca1	hras	kdm6a	notch1	epop	dhx9	cdkn2a	fam129a	nr5a2	lefty1	ogt	hif1a	gadd45a	usp7	cabin1	rock2	klf5	lif	arid3b	rbbp7	ptpn11	pik3cd	suz12	kpnb1	dnmt3a	pias2	mitf	mtor	rcn2	jak1	kmt2d	dffa	smarca5	hira	sgk1	il6st	fzd1	yipf2	sin3a	sall1	tfeb	tfap2c	nanog	hdac4	rock1	med12	ppp2r1a	tgfbr1	paf1	trp53	mbd3	mbd2	hnrnpu	hcfc1	ehmt2	foxd3	pim1	cdh1	gdf9	pin1	irs1	cers2	sos1	nkd1	smad7	ep400	jade1	tle4	ipo7	eed	cd44	tcf7l1	zscan10	sumo1	rtn4r	tfap2a	h3f3a	mef2d	mef2c	tgfb1	tet1	tfcp2l1	ube2i	chd4	mta1	xpo4	bmpr2
wp1771	kennedy pathway	cept1	etnk1	ptdss2	pemt	pcyt2	chkb	etnk2	chka	pcyt1a	pisd	chpt1	sgpl1	ptdss1	pcyt1b
wp18	heme biosynthesis	alad	ppox	cpox	uros	hmbs	urod	fech	alas2	alas1
wp190	cell cycle	mpeg1	ccnh	cdc20	cdkn1b	pttg1	orc3	rb1	plk1	chek2	e2f5	hdac7	gsk3b	cdk1	cdc25c	cdc25a	cdc25b	skp2	e2f3	e2f1	rbl1	ep300	mdm2	orc1	orc2	hdac1	mcm7	ccna1	ccna2	wee1	smc1b	hdac5	hdac6	hdac2	hdac3	e2f4	orc5	orc4	chek1	abl1	atm	orc6	espl1	ywhag	smad4	ccne2	mad1l1	smad3	ccne1	ccnd2	ccnd3	ccnb2	mad2l2	cdk4	cdk2	bub1	bub3	bub1b	atr	mad2l1	cdkn2a	ccnb3	cdk6	gadd45a	cdkn1a	cdc6	cdc14a	tfdp1	cdc7	cdc45	pkmyt1	trp53	hdac4	mcm3	mcm2	mcm4	al118125	mcm5	mcm6	e2f2	cdc14b	e2f6	tbc1d8	prkdc	cdh1	pcna	tgfb1	dbf4	ccnb1
wp1983	splicing factor nova regulated synaptic proteins	stx2	cadm1	kcnj6	stxbp2	prkcz	terf2ip	ntng1	aplp2	cdh2	cadm3	plcb4	cav2	clstn1	gphn	grik2	snw1	kcnma1	kcnq2	rap1gap	grin1	gabbr2	epb41l3	efna5	atp2b1	epb41l2	epb41l1	neo1	mapk9	mapk4	cask	gabrg2	ncdn	chl1	ank3	dab1	grin2b	camk2g	epb41	clasp1
wp201	ptf1a related regulatory pathway	pdx1	rbpj	ptf1a	ctnnb1	nkx6-1	prox1	rbpjl	notch1	kat2b	fgf10
wp2067	heart development	ptpn11	nkx2-5	nfatc4	mir1a-1	fgf8	mapk1	smad4	foxc2	shh	nfatc2	tbx10	smad1	nfatc1	bmp4	bmp10	bmp2	gata6	tbx5	mir143	vegfa	mir145a	foxh1	erbb3	tbx20	tbx2	vegfc	vegfb	nfatc3	notch1	hand2	hand1	fgf10	smyd1	hey2	bhlhe40	hey1	gata4	ctnnb1	foxa2	isl1	mef2c	foxc1	bmpr1a	irx4	pitx2	srf	bmpr2
wp336	fatty acid biosynthesis	acss2	echdc2	acaa2	ech1	hadh	mecr	decr1	acsl6	echs1	acsl4	acsl5	fasn	acaca	pcx	acsl1	echdc3	echdc1	scd1	pecr	acsl3	acly	acacb
wp339	esc pluripotency pathways	fgf3	jun	fgf5	fgf6	fgf15	fgf17	fgf18	fgf2	fgf7	fgf8	gsk3b	fgf21	stat3	apc	hnf1a	bmp4	smad1	actr2	araf	mapk12	wnt16	mapk4	lrp5	fgfr2	lif	fgfr3	lrp6	fgfr4	acvr1	smad9	fgf9	mdm2	ctnnb1	fgfr1	dvl3	mapk1	wnt10a	wnt1	dvl1	dvl2	wnt7a	map2k6	myc	wnt6	map2k1	map2k3	map2k2	raf1	pdgfra	mapk6	fzd2	pten	wnt5a	wnt5b	smad7	wnt4	wnt2b	wnt3	wnt9b	fgf20	wnt10b	wnt11	fgf4	axin1	fos	lifr	gab1	wnt3a	smad4	smad5	selenop	wnt7b	pdgfa	pdgfb	pdgfrb	fgf16	akt3	wnt2	eras	grb2	nog	hras	egfr	ptpn11	pik3cd	braf	pik3r2	mtor	fzd7	fzd6	jak1	il6st	fzd1	fzd3	fzd5	fzd4	elk1	map2k5	mapk7	fgf23	fgf14	fgf13	sos1	fzd8	fzd9	fgf12	fgf11	fgf10	fgf1	fgf22	egf	bmpr1b	bmpr1a	akt2	smad6	akt1	bmpr2
wp3415	adar1 editing defficiency immune response	traf3	tlr3	tank	traf6	ifi44	dhx58	isg15	tab3	oas1h	oas2	cxcl10	nfkbia	nlrc5	ly6c1	apol9a	zbp1	ifih1	irf3	tgtp1	gbp3	oasl1	nlrx1	apol9b	iigp1	nfkb1	chuk	oas3	mx2	f830016b08rik	ifnb1	tab1	ifnar1	9330175e14rik	ifit3b	cxcl11	ralbp1	gbp10	ifi213	gm12185	tgtp2	ifngr1	ifit3	ikbke	oas1a	ifit1bl1	tbk1	ly6a	ifit1	irf7	gbp6	gm4951	xaf1	ikbkg	map3k7	slfn4	ticam1	tab2	ddx60	ddx58	adar	ccl5	oas1g	oasl2	rsad2	sp100	rtp4	oas1b	ifna1	usp18	ikbkb	gorasp1	mavs
wp350	p38 mapk signaling pathway	traf2	map3k9	stat1	map3k7	mapkapk2	mapk14	cdc42	rasgrf1	myc	elk1	mknk1	ripk1	tgfbr1	rps6ka5	map2k6	map2k4	rac1	creb1	grb2	map3k1	tgfb2	daxx	hras	map3k5	shc1	hspb1	hmgn1	ddit3	mef2d	tradd	pla2g4a	atf2	max
wp353	small ligand gpcrs	s1pr4	ptger3	s1pr2	mtnr1a	lpar1	s1pr3	s1pr1	ptgfr	ptger1	ptger2	ptgdr	ptafr	mtnr1b	ptger4	cnr2	ptgir	cnr1	tbxa2r
wp3586	glycolysis	pfkm	slc2a1	slc2a2	slc2a3	slc2a4	pdk2	pgk2	pdha2	mpc1	pdha1	pdp1	hk3	tpi1	gapdh	pgam2	gpi1	pdk1	dlat	dld	pgk1	pdp2	pdk3	pklr	slc2a5	aldob	eno3	hk2	mpc2	aldoa	aldoc	pdhx	pdhb	pkm	pdk4	hk1
wp3587	tca cycle (streamlined)	sdha	suclg2	idh3a	sdhc	idh3g	sdhd	mdh1	mdh2	fh1	aco2	sdhb	ogdh	sucla2	dld	idh3b	cs	suclg1	dlst	idh2
wp3588	fatty acid beta oxidation (streamlined)	slc25a20	cpt1b	cpt1a	cpt2	fabp2	slc27a6	hadh	fabp3	decr1	hadhb	acsl6	slc27a2	slc27a5	echs1	acadm	acadl	acads	acsl4	slc27a1	acat1	acsl5	hadha	cd36	fabp1	acsl1	slc27a3	slc27a4	acadvl	fabp7	acsl3	fabp4	eci1
wp3592	apoe and mir-146 in inflammation and atherosclerosis	rela	traf6	tlr4	spi1	nfkb2	apoe	tlr2	irak1
wp3625	tyrobp causal network	hcls1	ppp1r18	lhfpl2	kcne3	pycard	tcirg1	tyrobp	itgax	creb3l2	slc7a7	igsf6	hlx	npc2	spp1	rps6ka1	gal3st4	gpx1	cd84	cd4	rbm47	tmem106a	gapt	stat5a	il13ra1	rgs1	lyl1	tnfrsf1b	elf4	itgam	capg	tgfbr1	abcc4	nckap1l	cd37	plek	il18	adap2	sft2d2	loxl3	cytl1	maf	slc1a5	bin2	dpyd	rnase6	sh2b3	itgb2	c3	runx3	ncf2	nrros	fkbp15	cxcl16	samsn1	il10ra	c1qc	apbb1ip	zfp36l2
wp3626	microglia pathogen phagocytosis pathway	pik3cd	pik3ca	pik3c2a	hck	pik3r1	pik3r6	itgb2	tyrobp	ncf1	pik3cg	rac3	siglece	c1qa	plcg2	syk	lyn	vav1	vav2	pik3r2	rac1	fcgr1	rac2	fcer1g	pik3r3	ptpn6	trem3	trem1	itgam	nckap1l	lat	trem2	ncf2	ncf4	cybb	vav3	pik3c3	arpc1b	c1qc	c1qb	cyba	pik3cb
wp3632	lung fibrosis	grem1	cma1	fgf2	skil	dpp9	fgf7	muc5b	csf3	ccr3	dsp	mt2	ccl2	stn1	spp1	ccl11	pdgfa	il6	hmox1	cxcl2	plau	edn1	terc	igf1	eln	il5	il12b	il13	calca	elmod2	pdgfb	parn	atp11a	mecp2	fam13a	ccl3	sftpa1	timp1	cysltr2	il4	sftpc	hgf	ctgf	rtel1	egf	smad7	mmp2	ccr2	mmp9	csf2	fgf1	cebpb	cxcl15	ccl5	ptx3	nfe2l2	tert	ccl4	tnf	tgfa	tgfb1	il1b	bmp7
wp3638	parkinsons disease pathway	snca	ube2j1	eprs	apaf1	park7	prkn	sncaip	mapk14	casp7	mapk13	casp6	ccne1	sept5	cycs	atxn2	ccne2	syt11	ube2g1	th	slc6a3	ubb	pink1	casp9	mapk11	uba1	mapk12	uchl1	lrrk2	casp3	casp2	ube2l6	gpr37	ube2j2	ddc	uba7	ube2g2	ube2l3	htra2
wp3652	eda signalling in hair follicle development	ltb	sostdc1	dkk1	rela	edar	edaradd	shh	dkk4	rel	nfkb2	nfkb1	gli1	ascc1	ptch1	relb	bmp1
wp3654	novel jun-dmp1 pathway	junb	jun	nras	mapk1	mapk3	braf	dmp1	rras	trp53	ets2	ets1	ccnd1	cdk4	map2k1	map2k2	rb1	raf1	araf	kras	myc	hras	cdkn2a	e2f1	fos	mdm2	arf1
wp3663	bmp signaling pathway in eyelid development	mapk3	jun	inhbb	pitx2	foxc2	fgfr2	smad4	sfrp1	map3k1	tgfa	smad5	mapk9	bmp4	shh	egfr	foxc1	notch1	dkk2	fgf10	smad1
wp3673	hfe effect on hepcidin production	hfe	id1	tmprss6	hfe2	bmp6	smad7	hamp
wp3675	factors and pathways affecting insulin-like growth factor (igf1)-akt signaling	nfkb1	mtor	mstn	itgb1	smad2	rps6kb1	acvr2b	ppargc1a	igfbp4	prkab1	pdk1	smad3	igf1	igf1r	igfbp1	tnfrsf1a	igfbp7	igfbp2	igfbp3	ilk	trim63	tnfsf9	pten	irs1	pld1	igfbp5	tnf	igfbp6	akt1
wp37	il-1 signaling pathway	sirpa	traf6	tab1	prkcz	ptpn11	tollip	nfkbia	rela	nfkbib	mapk3	nfkb1	mapk8	chuk	map2k1	map3k14	capns1	capn1	peli1	irak2	elp1	myd88	il1rn	il1rap	map3k7	tab2	akt1	casp1	mapk1	plcg1	irak3	il1b	il1r1	il1a	irak4	il1r2	irak1	sqstm1
wp373	il-3 signaling pathway	stat3	tyk2	id1	crkl	crk	hck	stat1	gsk3b	mapkapk2	src	cbl	spi1	syk	stat5a	rara	raf1	cish	socs3	mmp2	mmp9	hspb1	gata1	gata2	rap1a	pxn	atf1	atf2	pak1	gm2423	mapk1	csf2rb	mapk3	dnm1	mapk8	gsk3a	rack1	bad	rapgef1	fcer2a	map2k1	lyn	stat5b	stat6	rac1	rac2	creb1	kras	selp	chek1	mapk9	lck	rxra	prkaca	foxo1	bcl2l11	inpp5d	gab2	gab1	slc2a1	mras	tec	rps6kb2	ppp2ca	prkca	prkcb	socs2	tnfrsf1b	ywhaz	grb2	il3	hras	shc1	il3ra	bax	mapk14	vcl	ptpn11	pik3cd	pik3ca	pik3r2	pik3r1	nfkb1	fes	jak1	fyn	jak2	cdc42	kcnip3	mapk7	ywhab	vav1	ptpn6	bcl2	ptk2	sos1	bcl2l1	matk	birc5	akt1	bmx
wp374	prostaglandin synthesis and regulation	s100a10	ednrb	anxa3	anxa4	anxa5	edn1	anxa6	ednra	ptgs1	ptgir	hpgd	ptger3	ptger4	hsd11b1	ptger1	ptger2	ptgdr	hsd11b2	anxa1	scgb1a1	ptgds	anxa8	cyp11a1	s100a6	prl	ptgs2	anxa2	ptgis	tbxas1	ptgfr	pla2g4a
wp385	myometrial relaxation and contraction pathways	crhr1	pkib	gng12	ramp1	jun	prkcq	prkd1	atp2a3	prkcz	guca2b	pkia	guca2a	ackr3	plcb3	grk4	grk5	plcd1	actg1	atf3	actb	gng8	pkig	ramp3	oxt	calca	camk2d	atp2a2	corin	gucy1a1	lpar1	rxfp2	plcg1	adcy2	sp1	il1b	atf1	atf2	rgs17	atf5	crcp	arrb2	adm	rgs10	myl2	gnb3	ets2	gnb5	gnb4	ryr2	ryr1	gnb2	ryr3	gngt1	calm3	rgs1	rgs6	cnn1	crh	creb1	creb3	atf6b	rgs18	gja1	maff	gnaq	gnas	atf4	adcy9	adcy8	gnb1	adcy6	camk2b	igfbp4	rln1	igfbp6	adcy5	acta1	camk2g	pde4b	prkacb	rgs20	ywhae	ywhah	ywhag	cald1	rgs9	itpr2	itpr1	plcg2	gsto1	actc1	prkca	prkcb	prkcg	prkcd	prkce	prkch	dgkz	igfbp1	igfbp2	igfbp3	ywhaq	rgs4	gng5	gng4	gng13	gng3	nos3	gng2	nos1	fos	sfn	gng7	gpr182	rgs7	rgs3	rgs19	myl4	arrb1	prkar2a	gng11	prkar1b	prkar1a	rgs2	rgs16	rgs5	prkar2b	ywhaz	adcy7	nfkb1	slc8a1	rgs14	rxfp1	igfbp5	camk2a	cacnb3	ramp2	grk6	gabpa	gabpb1	mylk2	ywhab	il6	pde4d	itpr3	oxtr	rgs11	adcy1	adcy3	adcy4
wp3855	dysregulated mirna targeting in insulin-pi3k-akt signaling	prkar2a	crkl	pik3r1	mtor	mapk3	sos1	ccnd2	bad	eif4e2	raf1	col1a2	rheb	fasn	acaca	pik3r3	bcl2	socs1	exoc7	flot2	col1a1	col3a1	col4a2	prkx	cdkn1b	col5a3	bcl2l11
wp3857	wnt signaling in kidney disease	nphp3	mapk10	fzd7	fzd6	wnt10a	wnt1	dvl1	dvl2	wnt7b	wnt7a	wnt6	fzd3	wnt2b	fzd5	fzd4	fzd1	invs	fzd8	mapk9	fzd2	fzd9	mapk8	wnt5a	wnt5b	wnt3a	wnt4	wnt16	wnt3	wnt9b	wnt2	wnt10b	wnt11	dvl3	lrp5	ctnnb1	lrp6	rhoa
wp403	wnt signaling pathway	jun	mapk10	prkcq	prkd1	prkcz	gsk3b	pafah1b1	dvl3	fzd6	wnt10a	wnt1	dvl1	dvl2	wnt7b	wnt7a	wnt6	fzd3	apc	fzd5	sfrp4	wnt16	ccnd3	ccnd1	plau	prkca	prkcb	prkcg	prkcd	prkce	prkch	frat1	wnt2b	prkci	mapk9	fzd1	fbxw2	rac1	fzd2	ccnd2	myc	fzd9	ppp2r5e	ldlr	wnt5a	wnt5b	wnt3a	wnt4	fzd8	wnt3	ppp2r5c	wnt2	wnt10b	wnt11	fzd7	csnk1e	ctnnb1	axin1	fosl1	fzd10	rhoa
wp407	kit receptor signaling pathway	inpp5d	ptpn11	stat3	epor	crkl	crk	pik3r2	pik3r1	mitf	socs6	grap	mapk1	csf2rb	fes	map2k1	fyn	jak2	rps6ka1	kitl	cblb	tec	dok1	cbl	pik3cg	fgr	socs5	sh3kbp1	prkca	prkcb	tnfrsf10b	stat5a	stat5b	grb7	lyn	vav1	hck	rasa1	raf1	plce1	cltc	yes1	grb2	grb10	ptpru	kit	cish	socs1	mpdz	hras	sos1	shc1	ptpn6	matk	stap1	sh2b2	spred1	spred2	plcg1	socs4	abl1	stat1	vav2	bad	ep300	src	akt1	btk
wp41	"gpcrs, other"	olfr13	olfr18	olfr19	olfr2	olfr61	adora3	ccr7	ccr10	casr	olfr412	drd2	drd1	oprl1	oprk1	trhr2	olfr382	olfr6	sstr5	olfr27	olfr62	vmn1r46	vmn1r41	vmn1r44	vmn1r40	vmn1r50	vmn1r53	v1ra8	vmn1r54	adgre5	vmn1r10	vmn1r29	ghsr	olfr642	s1pr1	vmn1r49	adgrf4	olfr1	tas1r1	drd5	olfr59	gpr165	olfr410	olfr161	olfr52	vmn1r48	vmn1r43	vmn1r47	olfr8	olfr9	vmn1r52	vmn1r42	olfr57	olfr11	ednra	olfr1353	olfr51	gpr143	tacr3	calcr	fzd1	cysltr1	fzd2	smo	ltb4r2	s1pr5	olfr44	oprm1	olfr263	gpr84	olfr48	olfr47	gpr83	olfr45	olfr5	olfr586	gpr132	ackr1	mtnr1b	gpr146	vmn2r104	vmn2r107	olfr701	olfr29-ps1	gpr34	olfr46	olfr138	mc4r	olfr58	htr1a	htr1da	htr1d	olfr54	rrh	vmn1r25	vmn1r14	vmn1r15	vmn1r13	vmn1r-ps8	vmn1r11	s1pr2	olfr12	olfr32	gpr162	olfr30	mrgprh	olfr23	olfr25	olfr24	olfr26	olfr28	adora1	pth2r	olfr22-ps1	prokr1	grm1	olfr397	olfr56	gabbr1	vipr1	fzd7	xcr1	olfr33	vmn1r51	celsr1	olfr31	fzd5	vmn2r32	gpr37l1	vmn1r45	olfr394	vmn2r-ps57	olfr50	vmn1r172	olfr10	olfr402	olfr43	gpr39	olfr395	celsr2	adrb2	adrb1	cnr1	fzd9	irx6	adgrg1	gpr88	vmn1r56	vmn1r58	vmn1r63	vmn1r62	vmn1r148	olfr154	vmn1r65	vmn1r171	olfr403	olfr60	celsr3	olfr3
wp412	oxidative stress	junb	nfkb1	gstt2	maoa	mt1	mapk14	mapk10	nfix	sod2	sod3	sod1	hmox1	gpx1	gpx3	cat	gabpb1	txnrd1	gsr	gclc	nqo1	cyp1a1	txnrd2	sp1	ugt1a1	mgst1	fos	txn2	cyba
wp413	g1 to s cell cycle control	cdkn1b	mcm7	tfdp1	ccnh	cdk1	orc3	cdc45	ccne2	pkmyt1	ccna1	wee1	cdkn2d	cdkn2c	trp53	ccne1	ccnd2	ccnd3	prim2	ccnd1	prim1	pole	pole2	cdk4	cdk2	mcm3	mcm2	mcm4	rb1	tfdp2	rpa1	mcm5	mcm6	rpa3	e2f2	e2f6	myc	gadd45a	e2f4	orc5	orc4	mnat1	cdkn2a	e2f5	cdkn2b	pola2	cdc25a	ccng2	cdk7	cdk6	e2f3	cdkn1c	e2f1	cdkn1a	pcna	rbl1	rpa2	atm	mdm2	orc1	orc2	orc6
wp426	urea cycle and metabolism of amino groups	acy1	sms	arg1	gatm	arg2	otc	glud1	asl	ckm	pycrl	oat	gamt	pycr1	ass1	nags	aldh18a1	srm	cps1	odc1	ckb
wp4265	ethanol metabolism resulting in production of ros by cyp2e1	sp1	mafg	map2k1	nfe2l2	map2k2	maff	mapk8	mafk	cyp2e1
wp431	nuclear receptors in lipid metabolism and toxicity	nr1i2	abca1	abcg1	rarb	pparg	cyp2b10	ppara	abcb11	abcd3	cyp24a1	cyp26a1	cyp8b1	cyp7a1	cyp4b1	cyp2e1	rara	nr1i3	abcb1a	abcb4	ppard	abcd2	vdr	abcc2	nr1h4	abcg5	cyp1a2	nr1h3	cyp27b1	abcc3	rarg
wp4335	eicosanoid lipid synthesis map	pla2g6	alox5	ptges	pla2g4b	ptgs2	pgs1	pla2g4a	pla2g5
wp434	tca cycle	sdha	suclg2	sucla2	idh3g	sdhd	pdk2	pdha2	idh3a	ogdh	pdk3	sdhb	pdha1	pdp1	fh1	aco2	pcx	pdk1	dlat	dld	idh3b	pdp2	sdhc	mdh1	mdh2	cs	dlst	idh2	pdhx	pdhb	pdk4	suclg1
wp4344	sphingolipid metabolism	sgms1	sphk1	cers6	cers4	plpp1	ugt8a	ugcg	sphk2	cers2	kdsr	cerk	smpd1	degs1	sgms2	degs2	plpp3	sgpl1	sptlc1
wp4345	gp generic	dgat2	ptdss2	plpp1	gpam	chkb	pcyt1a	dgkz	pemt	pla2g1b	etnk1	ptdss1	dgat1	pisd	crls1	pnpla2	pld1	cdipt	gpat4	chpt1	pcyt2	agpat4	cds1
wp4346	cholesterol metabolism (includes both bloch and kandutsch-russell pathways)	soat2	nsdhl	fdft1	sqle	sc5d	tm7sf2	cyp27a1	dhcr7	soat1	ggps1	idi2	hmgcs2	fdps	cyp51	msmo1	pmvk	hmgcr	ch25h	dhcr24	acot1	ebp	lss	mvk	acot2	hmgcs1	mvd	hsd17b7	cyp46a1	idi1
wp4347	eicosanoid cox pathway	pla2g6	ptgr2	acaa1a	ehhadh	pla2g4b	ptgr1	cyp4a10	hpgd	cyp4a12a	ptges	cyp4f18	acox3	ptgds	acox2	akr1b3	cyp4f14	ptgs2	ptgs1	ptgis	tbxas1	pla2g4a	acox1	cyp4a12b	pla2g5
wp4348	lox pathway	ptgr2	ggt1	acaa1a	ltc4s	alox5	alox12	alox15	acox2	ptgr1	hpgd	dpep2	ggt5	lta4h	cyp4a12a	cyp4f18	acox3	ehhadh	dpep1	cyp4f14	cyp4a10	acox1	cyp4a12b
wp4349	cyp pathway	ephx2	cyp2c39	cyp2c40	cyp2c37	cyp2c38	cyp2c29	cyp2c55	cyp2c23	cyp4f18	cyp4f14	cyp4a10	cyp2j5	cyp4a12a	cyp4a12b	cyp2c54
wp435	one carbon metabolism	mat2b	mthfd2	mthfr	shmt1	tyms	gart	dhfr	dnmt1	bhmt	atic	aldh1l1	ahcyl2	folh1	dnmt3b	mat1a	amt	mthfd1l	mtr	tcn2	mtrr	ftcd	dnmt3a	ehmt1	shmt2	ahcy	mthfd1	ehmt2	mthfs	mtfmt
wp4350	omega-3-omega-6 fa synthesis	acot1	pla2g6	pla2g4b	acsl3	acot2	elovl5	acsl4	acsl1	acox3	pla2g4a	fads1	fads2	acox1	elovl2	pla2g5
wp4351	omega-9 fa synthesis	acot1	elovl5	fasn	elovl6	acsl3	scd2	acot2	acsl4	acsl1	fads1	fads2	elovl3	elovl1	elovl2
wp4398	pdgfrÎ± and stmn1 cooperate to exacerbate the cytotoxic effects of vinblastine	stmn1	pdgfra
wp441	matrix metalloproteinases	mmp19	mmp28	mmp21	mmp15	mmp16	mmp12	mmp13	mmp14	mmp10	mmp11	mmp27	mmp1a	bsg	timp1	timp3	timp2	mmp25	mmp24	mmp2	mmp7	mmp3	mmp9	mmp8	mmp20	mmp17	tcf20	timp4	mmp23	tnf
wp4467	osteoclast	il1rapl1	junb	epha2	smad3	unc5b	atp2b4	hck	vtn	gpr183	stat1	plekhm1	f3	tyrobp	cd300lf	src	fermt3	esrra	ccr4	il1rapl2	nfatc2	nfatc1	clcn7	il4	mmp1b	ppargc1a	hbegf	tmem64	chuk	cbl	asxl2	spi1	sbno2	sfrp1	ceacam1	plcg2	il12b	il13	syk	il15	ephb4	tnfrsf11b	fasl	fas	calca	lpar3	areg	gpr55	scarb1	tal1	sh3pxd2a	snx10	sh3bp2	f7	map3k7	mmp2	f2rl2	f2rl3	f2r	f2rl1	atp2b3	il23a	trem2	clec5a	cav1	ctnnd1	lpar1	plcg1	ctnna1	ctnnb1	lpar5	farp2	il18	lpar4	anxa2	il1b	s1pr1	il1a	sost	klk6	c3	c3ar1	ctf1	lif	nf1	fbn1	klf10	glo1	pias3	pik3r6	itgb3	itgav	ireb2	tcirg1	mmp12	mmp13	mmp14	vegfd	cd109	myc	ryr2	ryr1	saa3	acvr1	prdm1	s1pr3	s1pr4	fam20c	ryr3	il17a	tcta	stat6	calcr	pou4f1	pou4f2	mafb	fcer1g	creb1	nrp1	ptges	fpr2	nrg3	ppargc1b	vegfb	ccr5	sema3a	vegfc	wnt10b	itgam	pilrb1	inpp4b	gnas	bcl2	hgf	mst1	tab1	nfam1	hpse2	il34	tnf	fos	ctsk	ptk2b	clec2d	ikbkg	fstl3	il10	il11	inpp5d	gab2	traf6	il33	tnfsf11	ptges2	ereg	atp2b2	pik3r4	rela	clec2i	tlr2	efna4	lrrc17	fbxw7	akt3	lgr4	s1pr2	tec	gpc3	adam8	prkcb	cldn8	ptges3	tnfrsf11a	nrg4	tnfrsf1a	tnfrsf1b	atp6v0d2	stac2	ntn1	nrg2	grb2	ostm1	s1pr5	ccr1	il1rap	trf	efnb2	csf1r	tfrc	csf1	notch2	pafah1b1	ccr2	nfkb2	il20	plxna1	pik3cb	bcl6	car2	sema4d	vegfa	atp2b1	acp5	cx3cr1	plxnb1	oscar	atp6ap1	btk	mmp9	ptpn11	ptpn1	pik3cd	pik3ca	pik3r5	pik3r2	pik3r1	mitf	mmp1a	nfkbia	ccl2	lcp2	blnk	nfkb1	slc8a1	nrg1	il6st	dcstamp	ccl4	siglec15	met	il6	cx3cl1	cxcl5	il12a	pik3cg	lrrk1	ifnb1	card9	tgfbr2	tgfbr1	cartpt	acvr2a	lpar2	ifng	cd36	ocstamp	dusp1	hpse	tjp2	mst1r	pik3r3	gpr68	slc9b2	cdh1	ikbkb	efna2	gsn	ccr9	hcst	cthrc1	ccl5	tmem178	tlr4	egf	ccl3	tob2	lifr	ubash3b	tgfb1	bmp6	bmp7	akt2	akt1	ptges3l
wp447	adipogenesis genes	pck2	stat3	id3	stat2	stat1	nr2f1	irs4	sfrp4	ppard	pparg	ppargc1a	klf15	ppara	hnf1a	hmga1	cyp26a1	nsg1	rb1	agpat2	rara	bmp4	ncor2	socs1	socs3	zmpste24	twist1	nrip1	gata3	gata4	sp1	gata2	e2f1	klf6	rbl1	rbl2	fabp4	nr1h3	osm	ctnnb1	lif	plin1	cfd	mbnl1	wnt1	dvl1	gh	ndn	spock1	mef2a	klf5	dlk1	agrp	agt	stat5a	stat5b	stat6	mif	bmp2	cyp26b1	bmp1	lipe	foxc2	frzb	retn	ucp1	e2f4	bmp3	lpl	gadd45b	wnt10b	ncor1	rxrg	rxra	ncoa1	mef2b	tnf	foxo1	srebf1	adipoq	klf7	lifr	ins1	ins2	slc2a4	wnt5b	cisd1	creb1	smad3	prlr	pnpla3	ahr	igf1	celf1	bscl2	ncoa2	scd1	ddit3	ebf1	hif1a	gadd45a	nr3c1	lpin1	ptgis	plin2	irs2	lep	fas	egr2	epas1	il6st	fzd1	il6	lmna	trib3	nampt	wwtr1	rora	cebpb	cebpd	cntfr	irs1	gdf10	irs3	cebpa	pck1	tle3	mef2d	mef2c	tgfb1	mixl1	lpin2	lpin3	serpine1
wp4474	circulating monocytes and cardiac macrophages in diastolic dysfunction	ccl2	il10	spp1	ccr2
wp449	complement and coagulation cascades	c7	tfpi	serpind1	f11	vwf	cd46	cr2	thbd	c8g	cfi	f10	bdkrb1	f9	cr1l	klkb1	plat	plau	plaur	cd59a	cd55b	c1qa	serping1	c9	a2m	c4bp	c1ra	c1s1	c5ar1	mbl1	c6	plg	cfb	kng1	fgb	masp2	masp1	hc	f7	f8	f3	f5	cfh	f2r	serpina5	f13b	f2	pros1	f12	cpb2	serpine1	proc	cfd	serpinf2	c4b	cd55	serpinc1	c1qc	c2	c1qb	c3	c3ar1
wp450	il-2 signaling pathway	gab2	stat3	pik3cd	pik3ca	ybx1	crkl	crk	pik3r2	pik3r1	ptpn11	stam	hsp90aa1	mapk1	pik3cb	mapk14	mapk3	nfkb1	eif3b	jak1	fyn	jak3	jak2	nmi	rps6kb1	mapkapk2	plcb1	ets1	mapk8	map2k2	cbl	pik3cg	cd53	rela	ifna1	map2k1	mknk1	syk	lyn	raf1	stat5a	mapk9	vav1	stat5b	prkcz	rack1	creb1	grb2	kras	foxo3	ptpn6	il2	cish	socs1	socs3	irs1	il2rg	il2rb	il2ra	mtor	sos1	shc1	stam2	eif4e	lck	bcl2	itm2b	stat1	shb	tert	chuk	nr3c1	icam1	ets2	akt1	ptk2b	irs2
wp2084	srebf and mir33 in cholesterol and lipid homeostasis	sirt6	ppargc1a	sirt1	ppara	med15	mtor	hmgcr	nr1h3	ldlr	mir33	srebf1	srebf2
wp2087	mirna regulation of dna damage response	sesn1	mir15a	rad52	mir221	cdk6	rad51	gadd45a	mir222	tlk1	mcm7	mir34b	ddb2	rrm2b	cdk4	mir449a	apaf1	mre11a	tlk2	trp53	casp8	casp9	ccnd2	ccnd3	ccnb2	ccnd1	fancd2	mir330	pml	ccne1	ccne2	cdk2	mir20a	pmaip1	fas	tnfrsf10b	rb1	atr	rad9a	mir29c	mir29a	mir210	gadd45g	casp3	chek2	rad17	rad1	cdk5	creb1	mir24-2	rad50	mir223	mir17	ccnb1	rfc1	mir449b	brca1	gadd45b	mir106b	bax	chek1	sfn	mir203	pidd1	h2afx	cdk1	hus1b	cdc25c	ccng1	cdc25a	ccnb3	abl1	cdkn1b	e2f1	cdkn1a	smc1a	rpa2	atm	mdm2	bid	mir122	atrip	nbn
wp2141	serotonin and anxiety	crh	camk2b	plek	arc	plcd4	prkcb	ppp3ca	pomc	htr2a	trpv1	grm1	gabra1	htr1a	fmr1	adra1a	htr2c	fos
wp216	striated muscle contraction	myh7	jsrp1	vim	ttn	dmd	myl1	myom1	myl2	mybpc3	tpm4	myh6	tpm3	tnnc2	myh1	actg1	actc1	acta2	myh3	myh8	mybpc2	tnnt2	tnnt3	tnni3	tnnt1	tnni1	tnni2	tmod1	myom2	casq2	tpm1	tpm2	actn4	neb	mybpc1	myl9	myh4	actn3	tnnc1	actn2	acta1	smpx	tcap	des	myl4	myl3
wp553	calcium regulation in the cardiac cell	pkig	pkib	gnai3	gnai2	prkcq	prkd1	atp2a3	prkcz	gna11	pkia	adra1b	adra1a	casq1	plcb3	grk4	grk5	prkar2b	chrm4	gnai1	sfn	ywhag	chrm5	camk2d	atp2a2	atp2b1	atp2b3	chrm1	adcy2	slc8a3	rgs17	arrb2	gjb2	gjb1	gjc1	rgs10	gjd2	gja8	gja3	gja5	gja4	gnb3	gnb5	gnb4	ryr2	ryr1	gnb2	ryr3	gngt1	calr	calm3	rgs1	rgs6	fxyd2	atp1b3	atp1b2	atp1b1	rgs18	casq2	gja1	gnaz	gnaq	gnas	gnao1	adcy9	adcy8	adcy7	adcy6	camk2b	camk2a	grk6	adcy5	camk4	camk2g	prkacb	kcnj5	rgs20	fkbp1a	ywhae	ywhah	chrm3	atp2b2	prkar2a	itpr2	itpr1	anxa6	prkca	prkcb	prkcg	prkcd	prkce	prkch	camk1	ywhaq	ywhaz	gjb3	gjb4	gjb5	gjb6	gng5	gng4	gng13	gng3	gng2	gng12	gjc2	gng8	gng7	rgs7	rgs19	arrb1	rgs9	gng11	prkar1b	prkar1a	rgs2	rgs16	rgs5	rgs4	kcnb1	gnb1	slc8a1	rgs14	cacna1s	cacna1e	cacnb3	cacnb1	atp1a4	chrm2	ywhab	kcnj3	rgs3	adra1d	cacna1a	cacna1b	adrb2	adrb1	adrb3	itpr3	cacna1c	cacna1d	rgs11	adcy1	pln	adcy3	adcy4
wp2185	purine metabolism	pole4	hprt	gucy2e	gucy1b1	aprt	gucy2d	nt5c3	nudt5	polr2h	entpd4b	pole3	polr3c	pold3	pnp	polr2b	ppat	impdh1	dguok	prps2	uox	pold1	nme4	guk1	adprm	entpd8	pgm2	pklr	nudt2	prune1	gucy2c	gm14567	polr3e	ampd2	gucy1a1	pola2	pola1	adcy2	allc	gm13015	nme5	gmps	nme7	nudt16	prps1l1	nt5c1a	gart	adcy3	adsl	adssl1	adss	polr3d	fhit	polr2d	prim2	papss1	prim1	papss2	npr2	pold2	pole	pole2	entpd5	entpd4	pde5a	nt5c	gucy2f	polr1e	pnpt1	entpd3	polr2e	gucy1b2	polr2g	znrd1	pde6g	nme2	nme1	impdh2	pde7a	pde6d	pde9a	pde8a	pde6b	pold4	polr2c	polr2a	polr2j	adcy7	adcy6	pde1b	pkm	pde3b	pde4a	adcy5	pde1a	pde4b	ak8	pde6h	polr3f	enpp1	pfas	itpa	rrm1	nt5e	rrm2	taf9	atic	prps1l3	adcy1	nt5m	polr3g	pde7b	xdh	ak7	pgm1	cant1	gmpr2	ak5	polr3h	pde8b	polr2i	nme6	pde6c	pde6a	enpp3	adcy10	polr3gl	ak9	gda	adk	adcy9	ak4	adcy8	ak1	ak2	polr3a	hddc3	polr3b	polr2l	polr1a	polr3k	gm10774	polr1c	polr1b	polr1d	ada	pde2a	nudt9	prps1	pde1c	npr1	pde4c	polr2f	pnp2	nt5c1b	ampd1	1700080e11rik	gmpr	rrm2b	entpd1	gucy1a2	entpd6	entpd2	pde3a	nme3	paics	pde10a	nt5c2	dck	ampd3	urad	ak6	pde4d	urah	pde11a	adcy4
wp2271	macrophage markers	cd86	lyz2	cd14	cd83	cd68	rac2	cd163	cd52	cd74	f3
wp2292	chemokine signaling pathway	stat3	bcar1	gnai2	crkl	crk	hck	prkcz	stat2	stat1	gsk3b	ccr5	ccr7	ccr8	ccr10	ccr1l1	ccr3	ccr2	ccr4	was	plcb1	plcb2	plcb3	grk4	gnai3	chuk	rasgrp2	plcb4	gnai1	ccl26	stat5b	pf4	cxcr1	rap1b	ccl19	shc4	adcy2	rap1a	pxn	cxcr5	ppbp	pak1	nras	tiam1	ccl24	arrb2	mapk1	rock2	ccl28	mapk3	braf	ccl22	ccl2	ccl20	ccl17	ccl11	ccl12	ccl1	csk	gnb3	gnb5	gnb4	gnb2	adcy1	fgr	gngt1	map2k1	lyn	raf1	cxcl13	rac1	gm12844	rac2	cxcr2	cxcl14	kras	cxcl1	grk5	gm11787	prex1	adcy9	adcy8	ccr6	gnb1	adcy6	prkaca	grk6	adcy5	wasl	ikbkb	ikbkg	xcl1	prkacb	cxcl10	rela	cxcr6	pik3ca	akt3	tiam2	ncf1	pard3	prkcb	prkcd	grk2	grb2	gng5	gng4	gng13	gng3	shc3	gng2	gng12	gng10	hras	shc1	gm4356	gng8	gng7	nfkbia	prkx	gng5-ps	grk1	cxcl9	elmo1	cx3cr1	ptk2b	arrb1	pik3cd	gng11	pik3r5	ccl25	pik3r2	pik3r1	gm2023	ccl27a	gngt2	adcy7	pik3cb	nfkbib	xcr1	nfkb1	cdc42	jak3	jak2	gm5741	cx3cl1	cxcl5	cxcl2	cxcl12	pik3cg	dock2	rock1	cxcl11	gsk3a	vav1	vav2	ccl21a	pik3r3	foxo3	gm13306	ptk2	sos2	sos1	ccr9	ccr1	ccl9	cxcl15	ccl5	ccl6	ccl7	ccl8	cxcr4	cxcr3	ccl3	ccl4	ccl21c	cxcl16	vav3	rhoa	akt2	itk	akt1	shc2	adcy3	adcy4
wp2310	podnet- protein-protein interactions in the podocyte	cdk5	fras1	sirpa	lims1	mpz	bcar1	zhx1	crk	cd2ap	dbn1	pkd2	wnt1	angptl2	col4a5	myoc	arhgdia	ctnnd1	notch2	aph1b	plekhh2	notch1	myh10	plaur	cbl	src	enah	slc9a3r2	magi1	actb	itgb4	gne	podxl	pak2	p4ha1	rara	bmp4	zhx3	lamb2	crb2	pla2r1	nphs1	fat1	camk2d	ptpro	cdkn2a	lama5	krt7	col4a3	nes	col4a4	arpc5	f3	sv2b	egln2	robo2	col18a1	lrrc7	actn4	arpc1b	plcg1	ctnna1	sp1	ctnna2	wif1	ddr1	epb41l5	pxn	nphs2	baiap2	arpc4	crim1	slc29a4	ctnnb1	lamc1	snai1	pak1	prkci	hspg2	dnm3	ripor1	kirrel3	arrb2	foxc2	itgav	dnm1	itgb1	bmpr1a	slc4a1	nid1	spp1	itgb5	nid2	csk	pdss2	fktn	tagln	ext1	ctnna3	bad	scrib	arpc2	pax2	paxip1	vhl	agtr1a	nckipsd	angpt1	agrn	ldb1	tsg101	rbpj	wtip	agtr1b	pard6a	rac1	tln2	ptger4	sptan1	smurf1	sptbn1	mafb	ralgps1	egln3	nrp1	pick1	uchl1	vdr	lims2	itga6	itga3	dnm2	vangl2	kank2	wwc1	lasp1	cxxc5	hif1an	ccni	rxra	nck2	nck1	pdpn	prkaca	camk2a	rapgef2	zhx2	camk2g	wasl	itga2	dag1	prkacb	tns2	inppl1	kirrel	sema3a	bcam	insr	palld	fcgrt	igfbp2	rab4a	rab4b	cxcl10	cfl1	smad7	smad6	sdk1	rph3a	ncstn	cyp26a1	smad2	smad3	arhgap35	pik3ca	cdk5r1	rarb	ntrk3	pdcd6ip	ccnd1	magi2	cdh3	pard3	ppp3ca	nrxn1	prkca	parva	igf1	igf1r	sulf1	cyr61	ocln	prkce	cttn	adipor1	nr2f2	cux1	myh9	rab3a	psen1	cenpx	kcnma1	plce1	wt1	inf2	tcf21	olfm1	grb2	aph1c	hey1	cmip	angptl4	efnb1	actr3	met	cfh	utrn	tln1	kirrel2	igfbp3	cd151	hif1a	cdkn1b	cdkn1c	cdkn1a	ptgs2	itgb3	scel	vegfa	cxadr	capza1	capza2	smarcal1	capzb	sult1b1	vcl	pik3cd	braf	pik3c2a	kdr	pik3r2	sema3f	ezr	rabgef1	pik3cb	igsf5	jup	epas1	adam10	fyn	psen2	shc1	notch3	notch4	f11r	camk2b	patj	sh2d4a	cdc42	tcf3	cxcl12	rhoa	robo1	map1lc3a	mapk8ip3	pik3r1	sh3kbp1	slc43a1	arpc3	aph1a	cgn	tgfbr2	tgfbr1	mc1r	igfbp7	ywhab	vasp	dvl2	vav2	ctsl	tjp1	ilk	khdrbs3	iqgap1	yes1	adcy1	actr2	bcl2	ptk2	dicer1	nfatc3	coq6	synpo	ddn	trpc6	tbxa2r	ctgf	birc5	cask	lgals1	atg5	arhgap24	lmx1b	angptl3	sparc	cxcl16	tgfb1	vangl1	nrn1	bmp7	tgfb2	tgfb3	akt1	clic5	myo1e	psenen
wp234	peptide gpcrs	avpr2	lhcgr	cckbr	avpr1b	mc5r	mc4r	ntsr2	mc2r	tacr1	ccr6	ccr5	ccr7	ccr8	ccr10	ccr1l1	ccr3	ccr2	ccr4	fshr	cxcr6	tacr3	ednrb	oxtr	ednra	fpr1	sstr2	mc3r	sstr5	agtr1a	fpr3	mc1r	oprk1	oprd1	c5ar1	agtr2	agtr1b	npy2r	npy1r	grpr	sstr1	oprl1	sstr3	ghsr	ntsr1	sstr4	avpr1a	npy6r	npy5r	trhr	nmbr	galr2	bdkrb1	bdkrb2	galr1	ccr9	ccr1	npy4r	tacr2	cxcr4	cxcr3	cxcr2	galr3	gnrhr	brs3	cxcr5	tshr	oprm1	cx3cr1	c3ar1	cckar
wp238	osteoblast	slc17a2	tnfsf11	pdgfrb	fgf23	pth	bglap2	col1a1	pdgfra	tnfrsf11b	pth1r
wp240	alanine and aspartate metabolism	got2	abat	gad1	pcx	agxt	dars	ass1	asl	got1	gad2	aspa	gpt
wp246	tnf-alpha nf-kb signaling pathway	kpna3	bcl7a	psmd13	prkcz	stat1	gsk3b	mcm7	polr2h	traf5	src	map2k5	tnfrsf8	hsp90ab1	casp8	casp2	trpc4ap	chuk	commd1	skp1a	cops3	ywhah	csnk2b	csnk2a2	fkbp5	iqgap2	rps11	ccar2	psmd1	pkn1	rpl30	cyld	map3k2	lrpprc	map3k3	mark2	nlrp4e	hspb1	hsp90aa1	cav1	flna	dpf2	smarcc2	eif4a3	cdc37	unc5cl	traf4	ripk3	fbl	tank	nr2c2	hdac1	cradd	psmd6	map3k8	ktn1	ppp1r13l	rack1	hdac6	hdac2	bag4	psmc1	psmb5	rnf25	tab3	polr1e	txlna	crebbp	traf1	peg3	glg1	nsmaf	nfkbiz	csnk2a1	nkiras2	gm2423	kpna6	map3k1	tab2	psmd12	prkaca	tnf	smarca4	smarcb1	ikbkb	ikbkg	smarcc1	actl6a	tnfaip3	traf2	traf3	ywhae	gab1	traf6	traip	mtif2	psmc3	ywhag	psmc2	kpna2	rel	rela	cflar	rps6kb1	relb	usp2	tnip2	tnfrsf11a	ddx3x	pebp1	fancd2	btrc	ppp2ca	pml	tifa	fbxw11	rpl4	smarce1	ripk1	tnfrsf1a	tnfrsf1b	capn3	rasal2	dap	map3k14	ywhaz	kcnq1	pias3	rps6ka5	psmd3	usp11	nfkbia	nfkbib	nkiras1	mcc	zfand5	ptpn11	rpl8	polr1c	cul1	tab1	tnip1	dcaf7	bcl3	nfkb2	nfkbie	g3bp2	gm10774	nfkb1	polr1b	polr1d	polr1a	rps13	casp8ap2	rnf216	gtf2i	pfdn2	cd3eap	ywhab	rpl6	mcm5	alpl	ikbke	azi2	pdcd2	tbk1	psmd7	gm4596	fadd	ptk2	faf1	ripk2	elp1	akap8	casp3	cdc34	birc2	birc3	casp7	papola	tradd	akt2	ube2i	akt1	sumo1
wp258	tgf-beta receptor signaling pathway	junb	jun	tfdp2	snx4	foxo4	jund	cdc16	anapc5	lef1	zfyve9	skp1a	atf3	rb1	nup214	daxx	anapc4	foxh1	camk2d	ar	cdk1	cited1	fzr1	map3k7	e2f5	cav1	cdc25a	rbx1	ctnnb1	xpo1	rbl1	ep300	ap2b1	eid2	smurf1	atf2	sp1	ctcf	hdac1	eif3i	anapc1	arrb2	trap1	mapk14	ppp2r2a	dvl1	mapk8	nup153	rock1	myc	cd44	sparc	foxg1	runx2	mef2a	map2k3	rbl2	map2k6	sdc2	hspa8	crebbp	e2f4	zeb2	hoxa9	smad7	smad6	ccnd1	cops5	hgs	trp73	axin2	ncoa1	axin1	esr1	erbin	fosb	camk2a	fos	foxo1	camk2g	dab2	fkbp1a	skil	ski	smad4	stk11	snx6	cdk2	smad2	smad3	snx2	ccne1	ccnb2	kpnb1	btrc	pard3	cdk4	stambpl1	prkcb	prkcd	pias2	snx1	stk11ip	nfyb	nfyc	snip1	tfdp1	eng	cdk6	smurf2	cdkn1a	ube2d2a	dcp1a	vdr	cdc27	kat2b	prkar2a	prkar1b	cul1	tab1	pik3r2	pik3r1	yap1	gipc1	nfya	acvrl1	trp53	camk2b	strap	pias1	tgif1	tgfbr3	tgfbr2	tgfbr1	snw1	anapc7	ets1	foxo3	ube2d1	fnta	cdc23	anapc2	hnf4a	zeb1	anapc10	mef2c	tgfb1	ube2d3	tgfb2	tgfb3	sumo1
wp2589	limb development	etv4	etv5
wp265	delta-notch signaling pathway	jun	stat3	aph1b	maml1	cul1	hdac1	pik3r2	pik3r1	app	gsk3b	lef1	nfkbia	sap30	smad4	ncor2	spen	skp1a	rbpj	adam10	jag2	ncstn	jak2	notch3	notch4	nov	fbxw7	lck	maml2	fhl1	hdac2	tcf3	zfpm1	mapk1	pofut1	rbx1-ps	hes5	lfng	smad3	ring1	ep300	egfr	numb	numbl	smad1	snw1	trp53	sin3a	dll1	yy1	hes1	gm15429	cir1	dll4	dtx1	hivep3	maml3	hes6	cdk2	cntfr	jag1	furin	ascl1	adam17	notch2	notch1	magea1	psen1	psen2	hey2	ncor1	hey1	rela	skp2	egf	tle1	wdr12	mef2c	cntn1	itch	mfng	cntf	akt1	psenen	mapk3
wp274	b cell receptor signaling pathway	cd22	stat3	bcar1	jun	crkl	prkd1	hck	hcls1	was	gsk3b	mapkapk2	dapp1	nfatc2	nfatc1	casp9	cd81	cbl	bax	ptprc	plcg2	prkcq	syk	rb1	crk	pik3cg	rap2a	lat2	hdac7	stat1	sh3bp2	map3k7	sla2	nedd9	mapk4	plcg1	ctnnb1	plekha2	blk	rasgrp3	dusp6	arpc4	atf2	cdk6	cr2	mapk1	map4k1	mapk14	mapk3	braf	ccna2	mapk8	rps6ka1	gsk3a	hdac5	cd5	chst15	rapgef1	pip4k2c	map2k1	map2k2	lyn	raf1	arpc5	dok3	creb1	rps6	lck	cd79b	cd79a	bcl2	cd72	nck1	chuk	foxo1	pik3ap1	ikbkb	ikbkg	bcl2l11	inpp5d	gab2	gab1	pip5k1a	fcgr2b	gm10108	pdpk1	pdk2	rel	rela	ppp3cb	itpr2	itpr1	rps6kb1	ppp3r1	ccne1	ccnd2	ccnd3	tec	dok1	ppp3ca	cdk4	cdk2	prkcb	prkcd	prkce	zap70	grb2	itk	actr3	shc1	lime1	sh2b2	cdk7	cd19	bcl6	arpc2	arpc1b	ptpn18	ptk2b	btk	ptpn11	hnrnpk	pik3r2	pik3r1	card11	nfkbia	lcp2	blnk	cmtm3	fyn	bank1	actr2	pip4k2b	atp2b4	elk1	gtf2i	arpc3	csk	vav1	vav2	rasa1	pip4k2a	pip5k1b	dusp4	pip5k1c	ptpn6	bcl10	cblb	ptk2	nfatc3	sos2	sos1	stap1	casp7	rhoa	plekha1	akt1
wp2852	gene regulatory network modelling somitogenesis	hes1	tbx6	ripply2	epha4	fgf8	lfng	hes7	wnt3a	notch1	dll1	mesp2
wp29	notch signaling pathway	ptcra	rfng	aph1b	maml1	hdac1	hes5	dvl3	dvl1	dvl2	dtx3	jag2	ncstn	notch3	notch4	hes1	hdac2	tnf	kat2a	dtx3l	lfng	aph1a	numb	rbpjl	snw1	rbpj	dll1	dll3	dtx2	ncor2	cir1	dll4	dtx1	numbl	crebbp	maml3	jag1	adam17	notch2	notch1	psen1	psen2	dtx4	ctbp1	ctbp2	mfng
wp2904	mir302-367 promoting cardiomyocyte proliferation	mir302c	mst1	mir367	mir302b	mir302d	lats2	mob1b	mir302a
wp295	electron transport chain	ndufa10	ndufb5	cox6b1	atpif1	sdhb	mt-nd4	ndufs1	ndufc1	uqcr10	atp5h	mt-nd2	mt-nd1	mt-cytb	mt-co3	slc25a27	mt-nd3	ndufa4	ndufv1	ndufb6	ndufs4	ndufs6	ndufa2	ndufa1	uqcrq	uqcrc1	uqcrh	sco1	surf1	atp5g2	ndufa7	ndufa12	cox7b	mt-atp8	cox5a	ndufs8	ndufb3	ndufb4b	mt-co1	mt-co2	ndufa3	ndufv3	ucp1	ucp3	atp5k	atp5j	ndufab1	atp5f1	ucp2	cox15	atp5o	ndufv2	atp5l	sdha	slc25a14	atp5d	atp5c1	atp5a1	atp5b	mt-nd4l	mt-nd5	mt-nd6	slc25a5	uqcrc2	ndufs5	ndufa8	atp5e	cox6a1	cox6a2	cox6c	cox7a1	cox7a2	cox8a	cox5b	ndufs2	mt-atp6	ndufa5	slc25a4	ndufa6	uqcrfs1	sdhd	uqcr11	sdhc	cox7a2l	atp5s	ndufb9	ndufb2	uqcrb	cox4i1	ndufb4c	cox17	ndufb4	ndufc2	ndufs7	ndufb7	atp5g3	atp5j2	ndufs3	ndufa9	ndufb10
wp297	il-7 signaling pathway	stat3	mcl1	pik3r1	stat1	gsk3b	stam	ccna2	mapk3	muc1	jak1	fyn	jak3	il7r	ccnd2	rb1	bad	cdk4	cdk2	map2k1	map2k2	stat5a	stat5b	lyn	raf1	cltc	grb2	foxo3	cblb	irf1	irs1	il2rg	hras	sos1	shc1	stam2	bax	mapk1	blk	cbl	foxo1	akt1	bcl2l11	ptk2b	irs2
wp300	histone modifications	hat1	hdac1	hdac2	ehmt2	ehmt1
wp567	eukaryotic transcription initiation	polr2i	polr3b	gtf2h2	ercc2	ercc3	ccnh	polr2h	polr2k	gtf2a2	polr1c	polr1b	polr1d	polr1a	tbp	gtf2f2	taf9	polr2b	taf13	polr3k	gtf2h1	gtf2h4	gtf2e2	taf12	ilk	taf6	polr3d	polr2e	polr2g	gtf2e1	polr3e	gtf2b	mnat1	taf5	cdk7	polr2a	polr2j	taf7	polr2c	gtf2h3	polr3h
wp57	signal transduction of s1p receptor	gnai3	gnai2	gnai1	sphk2	mapk1	mapk3	akt3	sphk1	plcb3	pik3c2g	s1pr3	mapk7	asah2	smpd2	mapk6	mapk12	s1pr5	s1pr2	racgap1	s1pr1	akt2	akt1
wp570	monoamine gpcrs	htr1f	htr1b	htr1a	htr1d	adra1b	adra1a	htr2b	htr2a	hrh1	chrm3	chrm4	drd2	drd1	chrm2	hrh2	adra2a	adra1d	adra2c	adra2b	adrb2	adrb1	adrb3	htr5b	htr6	htr7	htr2c	htr4	htr5a	chrm5	chrm1	drd5	drd3	drd4
wp571	fas pathway and stress induction of hsp regulation	jun	pak1	apaf1	ptpn13	dffb	mapkapk2	dffa	parp1	mapk8	casp8	casp9	lmnb2	mapkapk3	lmna	rb1	daxx	map2k4	arhgdib	fasl	fas	sptan1	gm10108	prkdc	map3k1	bcl2	fadd	faf1	map3k7	hspb1	lmnb1	casp3	pak2	cflar	casp7	casp6	tnf	il1a	ripk2
wp310	mrna processing	snrpd2	sf3b2	syncrip	ppargc1a	rbm42	zfp740	zrsr1	zrsr2	u2af2	dazl	dhx8	abcb4	cpeb4	fxr1	pcbp4	pcbp3	secisbp2	rngtt	rps14	oas1b	oas1g	eral1	eif4a3	rbm3	rbm4	rbmxl1	rbmy	rbm6	rbmx	nufip1	rps27	cdc40	tnrc6c	tmem163	tia1	srp19	tial1	vmn1r26	prpf40a	igf2bp3	rsrc2	igf2bp1	rbm47	rpl38	mettl3	raver1	zmat4	sf3b3	rbm22	spop	u2surp	puf60	eftud2	hnrnpa3	zfp622	ai255230	slc25a4	trim21	ssb	trove2	lsm8	snu13	snrpa	ewsr1	pabpc2	eif3g	dazap1	clasrp	imp4	mak16	rps9	rbm15b	wbp4	sf3b5	ddx4	slirp	dhx15	ttc39a	alyref	rpl39l	ddx6	scaf8	ddx19b	cfb	rbm45	taf15	rbm7	ddx5	gm12666	rpl9	rnpepl1	ppp1r8	rbm17	rbm25	rnasel	hnrnpm	msi2	d1pas1	eif4e3	phf5a	mrpl23	rpl22	rbms1	zcrb1	nol8	rdm1	uhmk1	cirbp	ai256346	dnajc8	tardbp	ai255212	clk4	nudt21	rbm14	srsf11	rpl7	zfp385a	4932422m17rik	sltm	rbmxl2	alyref2	npm1	elavl1	elavl2	rbm12	rps4l	virma	mbnl1	celf3	matr3	matr3-ps1	matr3-ps2	nxf1	cpeb1	nip7	sugp2	ddx1	cpsf3	park7	sugp1	rbfox1	g3bp1	nop9	exosc8	ddx56	sf3b1	ai256354	pskh1	srsf6	ddx24	dnd1	ddx39b	prpf4	srsf10	poldip3	aimp1	tlr5	eif4a2	ddx19a	eif4e	cdk9	rbm41	eif4g3	raly	sfswap	lsm1	oasl2	pabpc6	ptbp1	cpsf1	ppm1g	rbpms2	gatc	csad	fxr2	rbfox2	rbm31y	rbpms	snora62	ncbp2	rnu1b6	ankar	rnu1b2	rnu1b1	rpl39	rnu1a1	rnpep	polr2g	rnu2-10	myef2	srsf12	ilkap	pcolce	sf3a2	mrm3	ncl	alkbh8	snrpb	snrpb2	ankrd33b	snrpc	snrnp70	pcbp1	rbms3	rnmt	mrps28	nono	srsf4	sf3b6	oas1a	rbm39	cd2bp2	cstf3	htatsf1	wdr55	sf3a3	hnrnpll	elmod3	snrpn	snrpd1	snrpe	gm15122	eif2ak2	rbm33	exosc9	slc6a8	rpl8	rps7	sf3b4	zbp1	tra2b	smc1a	rps24	ppp1r14b	rpl11	srp54a	slbp	rnaset2b	pcbp2	dcaf1	rpl19	cpsf4	ggcx	ptbp3	cyp4f18	dis3l2	tmed10	papola	rbm43	rpp14	ppie	adarb2	rae1	sart3	rpl32	srsf1	celf4	papolg	snrnp35	rbm10	mcts2	col4a3	celf6	adat1	clp1	rbm12b1	nxf7	boll	zfp830	tut1	rps23	imp3	bclaf1	fbl	rbm4b	eif4g2	esrp1	zmat2	snrpg	exosc4	cnot4	snrpf	enox1	dnajc17	adad1	smn1	prpf3	rbm38	rad21	ptbp2	acin1	pum2	pum1	zfp346	prpf8	rbms2	rnu12	polr2a	tsn	prpf6	enox2	ltv1	atxn1	eif4e2	aco1	ddx39	bicc1	ciz1	ttc14	rbm28	ai467299	afg3l1	rps20	cpsf7	prmt1	prmt2	rnps1	xrn2	rbm26	lsm11	esrp2	slu7	rnaseh2a	snrpd3	srp68	cstf1	dis3	rbm18	dhx16	oas3	ybx1	rps29	hnrnpa2b1	oas2	son	eif3b	srrm1	rps13	dhx38	ddx25	prpf4b	ddx20	exosc7	hnrnpdl	rbmx2	srsf5	srsf2	srsf3	prpf40b	sfpq	adam5	pabpc4	dicer1	hnrnpd	auh	adar	pum3	synj2	akap17b	pabpn1	pabpc1	fmr1	rbm8a	txnl4a	snrpa1	rpl37	lingo1	qk	hnrnph2	rbm34	rps11	papolb	pspc1	hnrnph1	rps28	rpl26	rnu6	d5ertd700e	rbm12b2	hnrnpu	tarbp2	ppil4	nifk	pabpc5	exosc5	hnrnpr	lsm7	eif2d	rnu11	ai255207	sf3a1	stau1	celf5	rpl12	hnrnpa0	supt5	ddx3x	ppargc1b	tdrd7	rps6	rps4x	eif4h	ai194270	tert	cstf2t	srsf7	dhx9	ilf3	traf6	cstf2	afg3l2	trmt1l	snrnp40	hnrnpf	mrpl11	rbm5	rbm11	celf1	prpf18	sbno1	rnpc3	rbm19	bard1	brca1	srsf9	fus	safb2	clk2	clk1	srek1	ddx21	hnrnpab	brwd1	hnrnpk	grsf1	hnrnpc	hnrnpa1	hnrnpl	ergic2	msi1	elavl4	elavl3	spen	zfp638	cpeb3	ddx41	clk3	u2af1	csde1	akap1	srp14	srpk1	srpk2	celf2	srp9	ralyl	cpsf2	eldr	trmt2a	lsm2	nelfe	lsm4
wp318	eicosanoid synthesis	pla2g6	ptges2	alox5	alox8	lta4h	alox12	alox15	pnpla8	ptges	alox5ap	ptgds	ptgs2	ptgs1	ptgis	tbxas1	ggt1	ltc4s	pla2g2a	dpep1
wp3284	mapk signaling pathway	fgf4	nlk	mapk8ip3	gsta1	jun	crkl	crk	stmn1	prkcz	gna12	mapt	jund	mapkapk2	mapkapk5	cyp2c23	nf1	hspa1b	casp8	casp9	gstt3	atf4	map3k20	daxx	gsta3	fasl	fas	ptprr	rps6ka3	map3k1	map2k7	map3k11	map3k2	map3k12	map3k3	map3k7	map3k5	bdnf	hspb1	mapk4	ppp5c	hspb2	cdc25b	map2k6	pla2g10	rasgrf2	rasgrp1	rap1a	il1b	il1r1	il1a	il1r2	atf2	acvr1b	rac1	pak1	nras	mapk1	map3k8	map4k1	mapk14	mapk3	mapk10	mapk13	gstm1	mapk8	map4k4	myc	gsta4	rac2	map2k1	map2k2	raf1	mapk6	map2k4	ptpn7	hspa5	akt3	hspa8	dusp6	kras	rasgrp4	mapk9	tab2	ntf5	acvr1c	ppm1b	ppm1a	prkaca	tnf	map4k3	ikbkb	ikbkg	traf2	traf6	ntrk1	gstm4	map3k6	pdgfb	pdgfrb	mras	ppp3r1	ppp3r2	ppp3ca	ppp3cb	ppp3cc	prkcb	prkcg	prkcd	prkch	cyp2d22	max	map3k14	ngf	dusp10	egf	rasa2	egfr	pak2	ddit3	cd14	dusp7	srf	mos	gstt1	braf	gstt2	map3k13	gsta2	gstt4	nfkb1	cdc42	trp53	elk1	map2k5	mapk7	tgfbr2	tgfbr1	gstp1	cyp2e1	cyp2f2	rasa1	gstm3	grb2	dusp1	gstm2	dusp4	mapk12	ptpn5	akt2	sos2	casp3	casp2	tmem37	casp1	nr4a1	casp7	casp6	mef2c	tab1	tgfb1	dusp5	tgfb2	tgfb3	hspa1a	akt1	rap1b	pla2g5
wp454	osteoclast	trpv5	spp1	tnfsf11	atp6v1g1	ifnar1	gpr68	ifnb1	slc9a1	itgb3	tnfrsf11a	acp5	ctsk	pdgfb	tnfrsf11b
wp207	nucleotide gpcrs	ltb4r1	adora1	lpar6	p2ry6	lpar4	adora3	adora2a	adora2b	p2ry1	p2ry2	p2ry4
wp2074	neural crest differentiation	tlx2	fgf15	zic1	id1	sox5	fgf8	gsk3b	neurog1	hes1	fgf2	hes5	hand1	rhob	lhx5	cdh7	hdac7	twist1	col2a1	gfap	msx3	hey2	lhx2	ctnnb1	fgfr1	fgfr3	dlx5	ctbp2	fgfr2	snai1	sox9	hdac1	dvl3	msx2	wnt1	dvl1	dvl2	mia	foxd3	hdac6	hdac2	lhx1	myb	bmp4	rbpj	dll1	dll3	olig3	hdac8	hoxb1	wnt3a	axin2	axin1	isl1	snai2	prtg	gbx2	ets1	smad1	pmp22	cdh6	zic5	pax3	pax7	wnt8a	tcf4	tbx6	dll4	mpz	notch2	notch1	hoxa1	dct	olig2	olig1	gjb1	hdac10	itgb1	mitf	col11a2	nfkb2	nfkb1	fzd3	notch3	notch4	phox2b	hdac4	mbp	hdac5	cdh1	ascl1	cdh2	sox10	hdac3	hdac11	dmbx1	tcf7l1	bmyc	tfap2b	tfap2a	hdac9	bmp7
wp2075	alzheimers disease	cdk5	capn1	calml3	nos1	casp3	chp2	ide	atp2a3	app	gsk3b	ppp3ca	apbb1	mapt	plcb1	hsd17b10	apaf1	adam10	ncstn	atf6	mme	snca	casp8	ppp3r2	plcb2	plcb3	ryr3	bad	cacna1s	itpr2	cacna1f	plcb4	apoe	ppp3cb	ppp3cc	aph1a	calm2	tnfrsf1a	atp2a1	il1b	trp53	calm4	ppp3r1	fas	casp9	itpr1	atp2a2	ern1	bace1	fadd	casp12	lpl	adam17	itpr3	cacna1c	cacna1d	chp1	psen1	psen2	bid	gnaq	mapk1	capn2	cdk5r1	lrp1	casp7	eif2ak3	tnf	grin2d	grin2c	grin2b	grin2a	grin1	nae1	psenen	mapk3
wp2076	mirs in muscle cell differentiation	mir133a-1	id2	mir221	mir222	mir1a-1	myod1	prkar2a	ezh2	mir133a-2	mef2a	mef2b	pax7	mir206	prkd3	mir26a-2	mir133b	myf5	gm45929	mir26a-1	mef2d	mef2c	srf
wp2079	serotonin receptor 2 and stat3 signaling	stat3	gnaq
wp2080	tfs regulate mirnas related to cardiac hypertrophy	tgfb1	stat3	nfkb1	akt1
wp2081	srf and mirs in smooth muscle differentiation and proliferation	mir133a-1	nkx2-5	klf4	mir145a	mef2c	mir199a-1	gm45929	camk2d	elk1	ccnd2	mef2d	mef2b	mef2a	mir143	myocd	mir133a-2
wp2082	cell differentiation - index	mir181a-2	mir133a-1	mir199a-2	mir155	tlx1	mir222	mir106a	mir1a-1	mir16-1	mir20a	tlx3	mir133a-2	mir221	hdac5	mir181d	mir192	mef2a	mef2b	mir146b	stat3	mir146	mir181c	mir24-2	mir128-1	mir9-3	mir133b	mir150	mir223	mir17	mir181b-1	mir181b-2	mir451a	mir16-2	mir181a-1	mir203	tlx2	mir199a-1	gm45929	mef2d	mef2c	mir296	srf	mir122	myod1
wp2083	nicotine activity on dopaminergic neurons	cdk5	kcnk3	ppp1r1b	th	ddc	slc18a2	chrna4	chrnb2	drd3	chrna3
wp2085	mirnas involved in dna damage response	mir19b-1	mir15a	abl1	mir221	cdkn1b	mir222	mir16-1	mir18	mir93	mir34c	mir290a	mir449a	mir450-2	mir291b	mir497b	ccne1	ccnd1	mirlet7b	mirlet7d	mir20a	mir29c	trp53	mir29a	mir29b-1	mir210	mir24-2	mir143	mir145a	creb1	mir223	mir17	mir322	mir181b-1	mir503	mir449b	mir106b	mir23b	mir23a	mir181a-1	mir203	cdc25a	mir34b	mir15b	cdk6	mir195a	mir19a	e2f1	cdkn1a	mir374b
wp2140	serotonin and anxiety-related events	crhr1	plek	plcd4	arc	nlgn1	grin2d	prkcb	fos	htr1a	htr2c	htr2a
wp2152	bdnf pathway	mapk4	rac1	frs2	plat	bax	creb1	ntrk2	bcl2	cdc42	ngfr	shc1	bdnf	plg	trp53
wp2170	s1p pathways and spinal cord injury	sphk1	sphk2	sgpl1
wp222	cytokines and inflammatory response	pdgfa	csf3	csf2	il7	cxcl3	il6	cd4	il5	ifnb1	il12b	il13	il15	ifng	h2-eb1	cxcl1	il2	il3	csf1	il4	il12a	tnf	ifna1	tgfb1	il1b	il1a	il10	il11
wp2309	xpodnet - protein-protein interactions in the podocyte expanded by string	pard6b	ubqln2	tssk5	mpz	fras1	ret	kcp	socs6	atp9a	pgm5	ppara	crtam	cyp26a1	wdfy3	syk	slc6a3	rps6ka5	plec	rara	igh-vj558	lamb2	adrb1	pla2r1	frs2	lama1	pknox1	lama5	mpdz	pkp4	camk2g	kifap3	racgap1	myo1c	rbpj	cdc42ep1	hif1a	actr2	oasl2	pawr	ctbp1	clnk	pxn	cyr61	arpc4	itgb4	nf2	trim24	appl2	zfp128	tiam1	tie1	ripor1	kcna2	kirrel3	dvl3	atg7	dvl1	dvl2	nid1	robo1	nid2	csk	rack1	smurf2	ctgf	ndn	bad	bag1	map1lc3a	pax8	mybl2	syvn1	mef2a	elob	map2k2	raver1	arpc5	hsp90ab1	wtip	wdr12	grin2b	tln2	sptan1	grin2a	erbb4	scrib	rarb	eps8	itga7	itga5	itga6	itga3	smad7	smad6	tbc1d4	mycn	med25	lasp1	lck	hif1an	arhgap32	tnf	zhx2	agtrap	bid	bcl2l11	bik	tax1bp3	kirrel	ywhae	ywhah	ywhag	fcgrt	igfbp2	eloc	arhgap35	gimap3	ccne1	ccnd2	ccnd3	ccnd1	cdh4	cdh3	ppp2ca	cdh5	pard3	ppp3ca	cdk4	cntnap1	cldn8	4930596d02rik	rab3a	kcnmb1	grip1	kcnma1	plce1	wt1	inf2	gjb6	grb7	arpc5l	grb2	grb10	mtor	efs	efnb3	shcbp1	efnb1	nfatc4	cfh	utrn	sorbs3	sorbs1	syt13	rnf123	cacng4	tek	arnt	nckipsd	arntl	arnt2	arpc1b	grin1	cxadr	nphs2	kat2b	enkur	cmip	ptpn11	pfn3	pik3cd	pik3ca	pik3c2a	pik3r2	cdc42	ptpn13	ptpn12	rabgef1	bcl2l2	fyn	il7r	dsc1	flii	trp53	vegfa	prkaca	patj	synpo	cxcl12	shc2	tln1	clock	map2k5	arpc3	gabra4	igfbp7	cdk17	camk2d	lama2	crb2	esrrb	zfp423	tjp1	vps28	psmd7	nphp1	rapgef2	nfatc3	itsn1	nkd1	lamb1	mgea5	krt7	krt8	tgfb2	gabrg2	gabrb2	carm1	tgfb1	vhl	prkacb	pde4d	abcc3	tgfb3	akt1	matr3	tob2	psenen	mapt	myh10	git1	vwf	carf	epha4	was	wwp1	rbfox1	col4a5	src	casp8	lepr	lef1	cbl	nrip1	plcg2	icam5	jaml	arhgdia	gne	rin1	smad1	pak3	fas	fat1	strap	cdh7	ighg	lhx3	kif5a	map2k7	sgcd	rab4b	f3	map3k5	pik3r1	cfl1	trpv5	cdk9	hey1	cdc25b	sp1	wif1	ddr1	anxa2	apbb1ip	calb2	mafb	tsga10	skp2	zyx	wnt1	sema3f	kdr	fhl2	fhl3	map4k4	fktn	arhgap33	ednra	siglece	aph1c	paxip1	magi1	tsc2	nphs1	tsg101	taf5	nmrk2	nrxn1	ltbp3	thra	nrp1	thrb	jup	csnk2a1	dnm2	fkbpl	brd7	wwc1	ptpn6	nck2	ncoa1	axin1	nck1	pdpn	isl1	pitx2	net1	irs1	cdh22	cacng5	wasf1	actl6b	spn	coq6	smad4	itga1	ncstn	smad2	smad3	kirrel2	mras	fbxw7	lims2	dok2	dok1	kat2a	hspg2	bbc3	tsc1	sulf1	cxxc5	trav13n-3	itga8	gadd45g	ywhaq	dll4	gmcl1	ddn	stxbp5	atp6v0a1	mcm7	ptpro	sntb1	snta1	ntrk3	eng	map1a	map2	cdkn2a	adipor1	ctla4	cd151	ffar4	prkx	cdk6	plxna1	vcp	cdkn1a	olig2	olig1	vdr	capza1	capza2	myh9	capzb	gab3	vcl	prkar2a	dnm1	fyb	stt3b	sh2b1	adam12	adam10	sgca	shc1	acvrl1	acvr2b	tcf3	eln	slc43a1	gria2	grid2	vangl1	rasa1	rnf128	ilk	khdrbs3	iqgap1	pip5k1c	nisch	mtpn	cul2	kl	klc1	klc2	ube2i	lin7a	bcl2l1	trpc6	birc5	bmp4	sparc	sytl4	adcy1	slamf1	cd22	ajuba	nrn1	id2	cd28	mlph	wls	cd2ap	aph1b	epha2	hsp90aa1	myoz2	baiap2	khdrbs1	diaph1	trpm7	polr2b	bcar1	sgcz	zhx1	enah	actb	vtn	rab8a	hgs	pkd1	epha6	pax2	hcls1	ephb2	ephb6	pak2	rtkn	pkd2	diablo	col4a3	col4a4	sv2b	sdk1	hoxd1	robo2	col18a1	actn4	htt	mapk8ip2	cav1	ctnnd1	themis	ctnna1	ctnnb1	ctnna2	blk	lrp4	crim1	drp2	lamc1	cd19	pak1	fbln2	dnm3	cdkn1b	lamc3	mapk1	usp7	map4k1	mapk3	mapk8	herpud1	cldn7	porcn	slc34a1	cd247	pdss2	cd3e	homer3	cd5	sptbn1	cdkn1c	tmed2	map2k1	stub1	arpc2	nedd4l	dlk1	ralgps1	cdc42ep5	raf1	atg10	dll1	rac1	foxc2	prpf40a	cldn6	hes6	htra1	egln3	pecam1	pten	kif17	ctnnbip1	cyfip1	gja1	rab27a	tuba1a	bcl2	acp1	add2	rab3b	cdc42ep4	rxra	rufy1	ctnna3	trib3	fos	pdcd6	ctsl	ezr	dag1	inpp5d	inppl1	sema3a	bcam	insr	nrp2	mcf2l	nsd1	arhgap24	cxcl10	kif26a	l1cam	vangl2	btla	ing4	magi2	kank2	prkca	sytl3	sytl2	prkcd	prkce	chn2	prkci	rab8b	wipf1	cenpx	bhlhe40	synpo2	prmt1	cdh2	nos1	nr4a3	hras	met	notch2	notch1	invs	cd47	nkd2	zfp84	itga2	dicer1	pard6a	pik3cb	scel	adcyap1r1	prkcz	palld	ptger4	prop1	pik3r5	sdcbp	nectin3	vim	gipc1	blnk	epas1	ppp2r1a	sntb2	nr2f2	pik3cg	mapk8ip3	tagln	cdk5	ywhab	vasp	vav2	pdcd6ip	ptprf	nectin1	pde3a	fadd	ptk2	zfp36	rab38	fgd1	cebpa	tcf21	tcf7l2	tcf7l1	tcf7	pcna	cgn	rhoa	sytl1	arf6	sumo1	myo1e	syt1	ptpra	sirpa	pfn2	pfn1	lrp1b	ptprc	crkl	crk	stmn1	sphk2	plau	gsk3b	angptl2	kif3b	sh3kbp1	apc	kif2a	skap2	plekhh2	apba1	plaur	hand2	slc9a3r2	lrrk2	podxl	p4ha1	zhx3	egln2	npr1	tspan7	myoz1	nes	arhgef7	neo1	sept2	hand1	nedd9	gata4	plcg1	e2f3	e2f1	rph3a	1300017j02rik	ep300	actn2	mdm4	mdm2	smurf1	ap2a2	slc29a4	snai1	epor	tarbp2	parva	pik3r6	arrb2	chd1l	itgb3	itgax	itgav	braf	itgb1	ccna2	spp1	itgb5	ltbp1	rrn3	hdac2	lamc2	epb41l5	angptl4	bahd1	agtr1a	lyn	angpt1	agrn	agtr1b	gimap5	cdk5r1	slc4a1	rspo2	ext1	lnx1	pik3r3	uchl1	slc6a2	zeb2	ldb3	jam3	mapk9	psen1	psen2	sirt1	ccng1	ccni	ccng2	ubb	ppp1ca	abl1	frs3	camk2b	camk2a	smarca4	vamp1	wasl	tns2	gab2	gab1	icam2	hspa8	rab4a	myoc	ntrk2	cldn2	cldn3	sh3bp1	sh2d1a	sh3gl1	sh3gl2	nt5e	pdgfrb	cldn1	akt3	pick1	pex19	nrip3	igf1	igf1r	ripk1	med28	ocln	pax6	cttn	igfbp3	arpc1a	cux1	smarcal1	igsf5	ngf	flt1	trf	csf1r	actr3	diaph2	csf1	bax	sfn	dsg1a	lrrc7	cldn5	cldn4	atg5	ptgs2	atg12	dock4	sult1b1	ptk2b	irs2	arrb1	srcin1	tab1	serpina3g	fn1	lcp2	ldb1	jak2	notch3	notch4	f11r	sh2d4a	mapkap1	lims1	cxcl16	eif4enif1	aph1a	tgfbr3	tgfbr2	tgfbr1	mc1r	olfm1	tbxa2r	dbn1	gigyf1	usp8	micall2	yes1	cdh1	smarcd3	hk1	sos2	sos1	cntn2	casp3	cask	lgals1	prnp	lmx1b	angptl3	foxa2	bmpr1b	bmpr1a	bmp6	bmp7	clic5	bmpr2	efnb2
wp2316	ppar signaling pathway	fabp5	pck2	me1	pdpk1	plin1	cpt1b	cpt1a	cyp4a32	apoa2	mmp1a	cyp4a31	fabp2	cyp27a1	slc27a6	olr1	fabp3	acadm	gk2	apoc3	ppard	pparg	acsl6	cyp4a29	slc27a2	ppara	cyp4a30b	slc27a1	scd2	acadl	scp2	acox2	acsl4	cyp8b1	cpt1c	cyp7a1	cyp4a12a	apoa5	dbi	cd36	mmp1b	ilk	scd3	fabp6	scd4	ucp1	acsl5	aqp7	apoa1	fabp1	acsl1	pltp	gk	acsbg2	angptl4	lpl	ehhadh	cyp4a14	scd1	cpt2	rxrb	rxrg	rxra	pck1	slc27a4	acox3	acaa1b	nr1h3	acsbg1	fabp7	cyp4a10	slc27a5	sorbs1	acsl3	fads2	fabp4	acox1	cyp4a12b	adipoq	hmgcs2	acaa1a	ubc
wp232	g protein signaling pathways	gnai3	gnai2	gnai1	prkd1	gna14	prkcz	gna12	pde7b	plcb3	prkcq	gna15	akap13	gna11	akap7	adcy2	nras	gnb3	gnb5	itpr1	gnb2	gngt1	calm1	kras	pde7a	pde8a	gnaz	gnaq	gnas	gnal	gnao1	akap10	adcy8	adcy7	adcy6	prkaca	pde1c	pde4c	pde4a	adcy5	pde1a	pde4b	prkacb	pde4d	prkd3	rras	arhgef1	ppp3ca	ppp3cc	prkca	prkcb	prkcg	prkcd	prkce	prkch	prkci	gng5	gng4	gng13	gng3	gng12	gng10	hras	pde8b	gng8	gng7	adcy9	gna13	prkar2a	gng11	prkar1b	prkar1a	prkar2b	gngt2	slc9a1	gnb1	akap12	pde1b	akap2	akap1	akap4	akap3	kcnj3	akap5	akap6	rhoa	akap11	akap8	adcy1	akap9	adcy3	adcy4
wp2375	mirnas and tfs in ips cell generation	snrpa	sox2	pou5f1	sf3a3	phf5a	ddx39b	prpf4
wp2432	spinal cord injury	ptpra	aqp4	epha4	gdnf	ccr2	cspg4	slit3	xylt1	slit1	slit2	bdnf	ncan	rb1	vcan	rhob	rhoc	cdk1	chst11	col2a1	col4a1	mmp9	gfap	e2f5	sox9	e2f1	il1b	il1r1	icam1	il1a	rtn4r	pla2g5	mapk1	rock2	mapk3	ccl2	mmp12	sema6a	myc	pdyn	tnfsf13	cxcl1	anxa1	selp	gja1	mag	mir23b	ptprz1	ccng1	hc	acan	tnf	fos	pla2g6	ngfr	fkbp1a	fcgr2b	cxcl10	tacr1	ccnd1	gap43	bcan	ppp3ca	cdk4	cdk2	prkca	pirb	ntn1	rgma	tnfsf13b	il2	efnb2	nos1	il4	cd47	klk8	omg	gadd45a	plxna2	btg2	grin1	vim	egr1	trp53	cxcl2	tlr4	mbp	il6	ifng	ltb	ltb4r1	nox4	zfp36	casp3	nr4a1	rtn4	tgfb1	rhoa	arg1	pla2g2a	prb1	nos2
wp251	mapk cascade	jun	braf	nras	sipa1	mapk1	mapk14	mapk3	mapk10	rras	plcb3	elk1	map2k1	map2k3	map2k2	raf1	mbp	map2k6	map2k4	araf	kras	mapk12	map3k1	map3k2	map3k12	map3k3	hras	map2	rasa3
wp252	androgen receptor signaling pathway	jun	stat3	spdef	ccnh	pias4	src	hmgb1-ps7	casp8	rb1	rad54l2	pa2g4	hmgb2	tmf1	ncor2	sry	nrip1	cdk1	cdk9	cav1	cdc25b	flna	sp1	ran	cdc37	pxn	trp53	rnf14	mdm2	atf2	ctnnb1	pou2f2	pou2f1	hdac1	pias3	cox5b	mapk1	gm13882	fhl2	pnrc1	rac3	bag1	stub1	runx2	map2k1	calr	ep300	rchy1	raf1	senp1	nr2c2	patz1	ccne1	pten	crebbp	pak6	nr5a1	ghr	ncoa3	etv5	gtf2f1	ncoa1	esr1	esr2	nr0b1	kat5	ywhah	psmc3ip	nsd1	rela	smad4	nr0b2	smad3	gtf2f2	ccnd1	igf1	ctdp1	plagl1	ranbp9	prmt1	brca1	rnf4	egfr	ncoa2	hipk3	cdk7	appl1	svil	nr3c1	kat7	slc25a4	pias2	aes	uxt	il6st	sin3a	gtf2h1	pias1	tgif1	mmp1a	il6	ar	ncoa4	casp3	casp1	casp7	ube3a	tgfb1i1	ube2i	hspa1a	akt1	runx1
wp2573	primary focal segmental glomerulosclerosis fsgs	dag1	lmx1b	parva	cd2ap	vtn	ilk	kirrel3	vim	scarb2	itgb3	irf6	dnm1	itgb1	fyn	mme	mki67	cr1l	kirrel2	wt1	pcna	notch1	synpo	inf2	tlr4	lims1	nphs1	tgfb1	pax2	dkk1	podxl	cldn1	myh9	lamb2	ywhaq	vcl	plce1	agrn	fat1	ptpro	itgb4	lrp6	lama5	col4a5	jag1	col4a3	col4a4	itga3	cdh2	trpc6	tln1	cd80	actn4	smarcal1	krt8	cd151	plcg1	lrp5	ctnnb1	plaur	cdkn1b	cdkn1c	nck1	cdkn1a	camk2b	ptk2	ctsl	nphs2	akt1	myo1e	utrn	itgav
wp2604	limb and fin development	hoxa11
wp273	ovarian infertility genes	pgr	atm	egr1	dmc1	fshr	smad3	tbp	gja4	ccnd2	prlr	nrip1	lhcgr	cdk4	smpd1	dazl	inha	zp3	zp2	mlh1	ptger2	msh5	gdf9	syne2	nr5a1	cebpb	ncor1	cyp19a1	cdkn1b	esr2	bmpr1b	vdr
wp2841	focal adhesion-pi3k-akt-mtor-signaling pathway	fgf3	fgf4	epha2	fgf6	fgf15	fgf17	fgf18	col4a6	gng11	vwf	vtn	fgf7	fgf8	gsk3b	fgf21	hsp90aa1	col5a2	col5a1	mtcp1	fn1	tnn	col6a2	foxo3	ngfr	irs4	strada	hsp90ab1	efna1	itga11	il3ra	slc2a2	lpar6	fgf2	irs1	efna3	itgad	atf4	gng8	itgb4	eif4e1b	igf1r	eif4e	pik3c2b	angpt1	lamb2	cab39l	lpar3	pelo	lama1	lama2	lama3	lama4	lama5	lamb1	hif3a	pfkfb3	col4a4	col2a1	col3a1	col4a1	col4a2	f2r	eif4ebp1	ppp2r5e	raf1	gnb4	lpar1	chrm1	fgf9	fgfr2	fgfr1	fgfr3	fgfr4	akt1s1	lpar4	tcl1b1	mdm2	osmr	osm	ppp2r5a	lamc1	efna5	hif1a	epo	epor	nras	gm2446	itgal	csf3r	csf3	itgb3	itgax	mapk3	acaca	gh	kdr	spp1	itgb5	pdgfa	vegfd	gnb3	pdgfb	lamb3	gnb2	lamc2	mapk1	ppp2r5b	map2k1	gngt1	tcl1b4	kitl	pdgfc	map2k2	angpt2	tsc2	angpt4	creb3l4	fgf16	gng13	ulk1	hsp90b1	lipe	prkaa1	creb3	prkaa2	efna2	creb1	pten	kras	ppp2r5d	atf6b	itgae	itga7	ppargc1a	itga5	itga6	itga3	itga4	col1a1	col1a2	rps6	itga9	fgf20	ghr	comp	slc2a3	rptor	ppp2r3a	ifna5	gng5-ps	hgf	pdpk1	gnb1	col11a1	fgf13	tnc	foxo1	gys1	itga10	ikbkb	ikbkg	itga2	itga2b	ppp2ca	gng12	ibsp	thbs4	ins1	ins2	slc2a1	gm2436	insr	slc2a4	ppp2r2d	atf2	chad	thbs2	thbs3	thbs1	pik3r4	creb3l1	ppp2r1b	csf1r	ifna14	pik3cd	ddit4	efna4	pdgfrb	rps6kb1	reln	akt3	nos2	prlr	rps6kb2	crtc2	ppp2cb	ppp2r3d	pfkfb4	igf1	tsc1	cdc37	itga8	itgam	nos1	pik3r1	rab8a	creb3l3	ngf	grb2	mtor	il2	flt1	egf	gng3	nos3	il2rg	il2rb	il2ra	hras	csf1	srebf1	itgb8	itgb6	itgb7	egfr	gng7	gngt2	pdgfd	tbc1d1	casp9	itgb2	pfkfb2	prl	cdkn1b	lamc3	tek	cdkn1a	rab14	col5a3	vegfa	eif4e2	ppp2r2c	irs2	tnr	stk11	pik3ca	pik3c2g	pik3c2a	pik3r5	pik3r2	itgb1	mlst8	pik3ip1	rab10	col11a2	il6ra	pik3cb	creb3l2	epas1	jak1	jak3	il7r	il4ra	gm5741	met	pdgfra	jak2	rab2a	pik3cg	creb5	ppp2r1a	ifnb1	ifnar2	ifnar1	ifnab	ifna9	ifna7	chrm2	rheb	lpar2	pfkfb1	ppp2r5c	tcl1	pgf	eif4b	phlpp1	ppp2r2b	phlpp2	rab11b	vegfb	vegfc	kit	akt2	fgf14	ptk2	elavl1	cab39	sos1	irs3	lpar5	fgf12	fgf11	fgf10	fgf1	gng5	gys2	fgf22	gng4	ppp2r3c	ifna13	foxa1	flt4	gng10	bad	ifna1	ifna11	ifna2	ifna4	tnxb	ifna6	akt1	gng2
wp2872	white fat cell differentiation	ins1	klf4	irf4	mecom	egr2	ctnna1	irf3	pparg	klf15	nr3c1	stat5a	stat5b	nr2f2	rara	zfp423	rora	creb1	cebpb	cebpd	srebf1	klf2	wnt10b	ddit3	tcf7l1	ebf1	gata3	gata2	tle3	nr1h3	klf5	foxo1	cebpa
wp2902	p53 signaling	sesn1	shisa5	casp3	rrm2b	adgrb1	tsc2	gadd45b	thbs1	ppm1d	sesn3	fas	ccne2	apaf1	ccnb1-ps	trp73	cop1	zmat3	ccng2	rrm2	trp53	casp8	ccne1	ccnd2	ccnd3	ccnb2	ccnd1	steap3	ddb2	bbc3	cdk4	cdk2	pmaip1	igf1	rchy1	siah1b	atr	igfbp3	cd82	gadd45g	cyct	chek2	serpinb5	casp9	sesn2	pten	cdk1	gtse1	atm	perp	rprm	cycs	bax	chek1	sfn	pidd1	cdkn2a	ccng1	siah1a	ccnb3	ei24	cdk6	gadd45a	cdkn1a	mdm4	ccnb1	mdm2	bid	serpine1
wp2910	mecp2 and associated rett syndrome	fgf3	fgf4	tap1	cnp	ybx1	rest	rbfox1	bcl6	e2f1	nf1	ezh2	sin3a	hnrnpf	gamt	gad1	fgf2	taf1	arhgef26	csrp1	smc3	apoc2	oprk1	mbp	tet1	mecp2	pou4f1	pou3f2	sst	fut8	creb1	cebpd	myt1	gprin1	bdnf	mag	ncor1	gabrr2	cdon	sp1	nrep	sp3	dlx5	mef2c	hnrnph1	grin1	prpf3	ctcf
wp2928	mir-222 in exercise-induced cardiac growth	hmbox1	hipk2	cdkn1b	mir222	hipk1
wp298	g13 signaling pathway	pik3cd	pfn1	limk1	mybph	pik3r2	gna13	was	cfl1	rock2	cfl2	mapk10	cdc42	myl1	rock1	sh3rf1	diaph1	sra1	pik3ca	arhgef1	rps6kb1	calm1	iqgap2	rhpn2	arhgdib	rac1	pak3	pip4k2a	iqgap1	wasl	pkn1	rtkn	tnk2	cit	map3k4	arhgdig	ppp1cb	pik3cb	rhoa
wp307	translation factors	eif2s3x	pabpc2	eif3g	eif4g2	eef2	eif3i	eif2s3y	eif1	eif1a	eif4g1	pabpc1	eif2b2	eif3b	eif2ak2	eif3h	eif5	eif6	eif4b	eef1g	eef2k	paip1	etf1	eif3j1	eif2s2	eif2ak1	eif4e	eif5a	eif4g3	eif4h	eif2b3	eif4ebp3	eif3d	eif4ebp2	eif3e	eif4a2	eif4a1	eif4ebp1	eef1b2	eif3a	eef1a1	eif3f	eif2b5	eif2s1	eef1a2	eif2b4	eif2ak3	eef1d	eif3c	eif2b1
wp317	glycogen metabolism	gys2	agl	gbe1	gsk3b	ppp2r1b	ppp2r2a	ppp2r1a	gsk3a	ppp2r2b	ppp2ca	ppp2cb	calm2	calm3	calm1	phkb	ugp2	pygl	phka2	pgm2	phka1	phkg2	ppp2r5c	pygb	ppp2r5e	phkg1	ptpa	ppp2r5d	ppp2r5a	gys1	ppp2r5b	pygm	ppp2r3a	ppp2r2c	gyg
wp327	"gpcrs, class c metabotropic glutamate, pheromone"	grm3	grm2	casr	gprc5d	grm8	gabbr2	grm5	grm6	grm7	grm1	grm4	gprc5c	gprc5b	gprc5a	gabbr1
wp33	fatty acid omega oxidation	cyp1a1	cyp1a2	adh4	aldh1a1	aldh2	cyp2e1	adh7
wp456	"gpcrs, class b secretin-like"	crhr1	crhr2	vipr2	adgrl3	calcrl	glp1r	adgre1	sctr	adgrl4	ghrhr	adgrl2	glp2r	vipr1	calcr	pth2r	adgre5	gcgr	adgrl1	gipr	adcyap1r1	adgrg2	pth1r
wp458	inflammatory response pathway	cd40lg	cd28	vtn	thbs3	thbs1	fn1	col1a2	il4ra	il5	il5ra	cd86	lamc2	tnfrsf1a	tnfrsf1b	cd40	ifng	lamb2	zap70	lama5	lamb1	il2	il2rg	il2rb	il2ra	col1a1	col3a1	il4	lck	cd80	lamc1
wp460	blood clotting cascade	f12	plat	plau	f11	vwf	f8a	serpine1	fgg	fgb	f10	serpinb2	plg	f7	f8	f5	fga	f9	serpinf2	f13b	f2
wp475	irinotecan pathway	bche	ces1d	ugt1a6a	ugt1a1	ugt1a9	abcg2	ugt1a10	abcc1	abcc2	ces2h
wp480	t cell receptor signaling pathway	jun	ptpn22	ptprc	prkcq	crk	cd2ap	lax1	was	abi1	cd2	src	nfatc2	skap2	cd8a	def6	cbl	ptprh	rasgrp2	homer3	crkl	syk	lyn	arhgdib	dtx1	ptprj	hdac7	stat1	map3k1	cish	txk	cebpb	sh3bp2	nedd9	sh2d2a	plcg1	ctnnb1	rap1a	pxn	wasf2	pak1	pstpip1	gm2423	mapk1	map4k1	mapk3	braf	tubb5	cd247	cd3g	cd3e	cd3d	cd5	cd4	rapgef1	sh2d3c	khdrbs1	map2k1	map2k2	stat5a	stat5b	unc119	prkd2	rac2	creb1	crebbp	ptpn3	nfam1	dnm2	tuba4a	lck	ncl	abl1	nck1	fos	ripk2	gab2	shb	git2	itpr1	dlg1	sh2b3	lime1	ppp3cb	dbnl	wipf1	dusp3	arhgef6	fyb	evl	grap2	lat	grb2	pag1	itk	shc1	fcrl5	enah	sla2	trat1	cabin1	sit1	acp1	ptk2b	ptpn11	pik3r2	pik3r1	ptpn12	grap	card11	lcp2	muc1	cdc42	fyn	jak3	zap70	dock2	skap1	mapk7	sla	vasp	vav1	vav2	rasa1	ptpn6	bcl10	cblb	ptk2	sos2	sos1	stk39	vav3	akt1	arhgef7
wp488	alpha6-beta4 integrin signaling pathway	pak1	pik3cd	pik3ca	ywhae	ywhah	pik3r2	pik3r1	gm2423	vim	pik3cb	ywhaz	src	clca2	fyn	cdkn1a	eif4ebp1	eif6	rpsa	ar	lamb3	lamc2	bad	pik3cg	lama5	smad3	prkca	prkcd	egfr	itgb4	mst1r	ywhab	plec	yes1	rac1	lamb2	lama2	ntn1	erbb2	lama1	grb2	pik3r3	rtkn	lamb1	trp73	mmp7	ptk2	irs1	itga6	dst	mtor	met	shc1	col17a1	sfn	eif4e	casp3	clca1	akt1	cd151	smad2	dsp	abl1	erbin	lama3	rhoa	irs2	lamc1
wp493	mapk signaling pathway	fgf4	nlk	mapk8ip3	jun	ecsit	crk	stmn1	prkcz	gna12	mapt	jund	mapkapk2	mapkapk5	nf1	map3k5	casp8	casp9	atf4	crkl	map3k20	daxx	stk3	fasl	fas	ptprr	rps6ka3	map3k1	map2k7	map3k11	map3k12	map3k4	map3k7	dusp10	bdnf	hspb1	mapk4	ppp5c	hspb2	cdc25b	flna	mapk6	pla2g10	rasgrf2	rasgrp1	rap1a	il1b	il1r1	gck	il1r2	ntf5	acvr1b	rac1	pak1	nras	arrb2	mapk1	map3k8	map4k1	mapk14	mapk3	braf	mapk13	mapk8	map4k4	myc	rac2	map2k1	map2k2	taok1	raf1	map2k6	map2k4	akt1	ptpn7	hspa5	rap1b	hspa8	dusp6	kras	mapk9	tab2	atf2	acvr1c	map3k13	ppm1b	ppm1a	prkaca	tnf	fos	map4k3	ikbkb	ikbkg	traf2	traf6	ntrk1	map3k6	pdgfb	pdgfrb	mras	ppp3r1	ppp3r2	ppp3ca	ppp3cb	ppp3cc	prkcb	prkcg	prkcd	prkch	max	map3k14	ngf	grb2	egf	egfr	pak2	ddit3	cd14	dusp7	gadd45a	srf	il1a	arrb1	mos	mapk10	tab1	nfkb1	cdc42	akt3	trp53	elk1	map2k5	mapk7	tgfb2	tgfbr2	tgfbr1	rasa1	dusp1	dusp4	mapk12	ptpn5	akt2	sos2	mink1	casp3	casp2	rasa2	casp1	nr4a1	casp7	casp6	mef2c	tgfb1	dusp5	rasgrp4	tgfb3	hspa1a	tmem37	pla2g5
wp495	glucocorticoid & mineralcorticoid metabolism	cyp11a1	cyp11b2	cyp17a1	akr1c21	hsd11b1	cyp21a1	hsd11b2	hsd3b3	hsd3b4	hsd3b5	hsd3b6	hsd3b1	hsd3b2
wp509	nuclear receptors	nr1i2	pgr	nr2e1	esrra	esr2	rarb	pparg	nr2f2	ppara	nr3c1	nr1h2	nr4a2	nr2f1	rara	nr1i3	nr2c2	ar	ppard	rora	thra	nr2f6	thrb	rorc	nr5a2	nr5a1	hnf4a	rxrb	rxrg	rxra	nr4a1	ror1	esr1	nr1d2	nr1h3	nr0b1	esrrb	vdr	rarg
wp512	id signaling pathway	id4	id2	id3	id1	cd40lg	psmd4	rela	smad4	smad5	myod1	nfkb1	ccna2	kdr	myog	igf1	smad3	smad1	hes1	ccne1	tcf3	elk3	elk1	elk4	cdk2	atf3	tgif1	igf1r	rb1	pax2	pax5	bmp2	acvrl1	ngf	flt1	egf	myf5	irs1	msc	srebf1	myf6	lck	tcf7l2	ctnnb1	pax8	tert	bmpr2	rbl1	rbl2	bmp6	vegfa	tcf12
wp519	proteasome degradation	psmc4	psmd13	psmd8	psmc3	ubb	psmc2	psme1	psmd6	psmd11	psmd4	h2-q10	rpn2	psma6	psma5	nedd4	psmd2	psmc1	psmb5	psmb4	psmb10	psmb1	psmb7	psmb6	ifng	psmc6	rpn1	uba1	psme3	psmd7	uchl1	ube2d1	psmd12	psmc5	uchl4	psmd3	psmd5	h2afz	psma2	psma3	h2afx	psmb2	psmd9	psma4	psmb9	psmb8	ube2d2a	ube2b	ube2d3	psma7	psme2	uba7	hist1h2an
wp522	biogenic amine synthesis	hdc	tph1	gad2	pah	gad1	th	maoa	asmt	ddc	aanat	chat	comt	pnmt	ache	dbh
wp523	regulation of actin cytoskeleton	fgf3	fgf4	fgf5	fgf6	fgf15	fgf17	bcar1	fgf2	crk	pik3c2b	gna13	gna12	was	fgf21	fn1	tmsb4x	cyfip2	ssh2	apc	pfn1	fgf18	git1	chrm3	chrm4	actg1	actb	fgf16	chrm5	pak3	nckap1	fgf7	fgf8	arhgef7	bdkrb1	bdkrb2	f2r	f2	mapk4	cfl1	chrm1	fgf9	fgfr2	fgfr1	fgfr3	fgfr4	pxn	pip5kl1	baiap2	rassf7	wasf2	pak1	nras	diaph1	mapk1	rock2	mapk3	braf	myl1	rock1	csk	mylk	rras	rac3	pip4k2c	map2k1	map2k2	raf1	arpc5	mras	mapk6	pik3c3	rac1	rac2	myh10	kras	rdx	pak6	actn1	fgf20	fgf13	wasf1	ins1	ins2	pip5k1a	limk1	pik3r4	fgd1	dock1	cfl2	ssh1	itga1	pdgfa	pdgfb	pdgfrb	arhgap35	pdgfra	arhgef1	arhgef6	egf	gng12	enah	egfr	pak2	cd14	slc9a1	apc2	myl3	vcl	rras2	mos	pik3cd	pik3ca	pik3c2g	pik3c2a	pik3r5	pik3r2	pik3r1	ezr	pik3cb	cdc42	msn	abi2	pip4k2b	pik3cg	pak7	chrm2	vav1	arhgef4	pak4	pip4k2a	pip5k1b	vil1	iqgap1	fgf23	pip5k1c	pik3r3	ppp1r12a	fgf14	ptk2	sos2	sos1	fgf12	fgf11	fgf10	fgf1	gsn	fgf22	diaph3	ssh3	rhoa
wp535	neural retinal development	sp4	pde6a	fiz1	crx	nrl	rho	neurod1	neurod4	klf15
wp539	wnt signaling pathway netpath	jun	nlk	bcl9	senp2	gsk3b	mark2	pias4	apc	tbp	lef1	dlg2	sfrp1	fzd8	csnk2b	csnk2a2	ankrd6	raf1	camk2d	map3k7	cdk1	csnk1e	cdc25c	lrp5	ror2	lrp1	lrp6	ctbp1	ctbp2	ep300	ctnnb1	sox9	arrb2	mapk1	wnt1	dvl1	dvl2	fhl2	mapk8	daam1	magi3	myb	runx2	dlg4	csnk1a1	dlg1	dkk1	frat1	ruvbl1	rac1	fzd2	ctnnbip1	jup	csnk2a1	wnt5a	wnt3a	vangl2	wnt3	nr5a1	wnt2	mapk9	brd7	axin2	axin1	camk2b	camk2a	camk2g	dab2	tax1bp3	cxxc4	smad4	skp1a	wnt4	wnt7a	crybb2	smad3	ccnd1	prkcb	csnk1d	ppp2ca	prkca	btrc	pax2	frat2	map1b	dvl3	hipk2	mapk3	arrb1	cul1	fzd7	fzd6	fzd1	fzd5	fzd4	sall1	tcf3	sfrp2	mapk8ip1	cdh1	pin1	nkd1	fzd9	sox1	tcf4	tfap2a	rhoa	akt1	sumo1
wp543	synthesis and degradation of ketone bodies	hmgcl	acat1	hmgcs2	bdh1	oxct1
wp544	exercise-induced circadian regulation	dazap2	sumo3	eif4g2	klf9	gfra1	nr1d1	pigf	etv6	tubb4a	tob1	azin1	nckap1	erc2	herpud1	pura	ppp2cb	clock	qk	psma4	rbpms	nr1d2	gstm3	zfr	ucp3	cry1	cry2	hspa8	idi1	gstp2	cebpb	ppp1r3c	sf3a3	ncoa4	dnaja1	g0s2	myf6	tab2	vapa	h2-dma	cldn5	cbx3	ugp2	btg1	arntl	per1	per2	stbd1	hist1h2bn	sumo1
wp55	steroid biosynthesis	hsd17b4	cyp17a1	hsd17b3	hsd17b2	hsd17b1	hsd3b3	hsd3b4	hsd3b5	hsd3b6	hsd17b7	hsd3b1	hsd3b2	f13b
wp572	egfr1 signaling pathway	jun	stat3	snrpd2	stxbp1	bcar1	git1	crkl	prkd1	pik3c2b	prkcz	stat2	stat1	spry2	abi1	src	sh3kbp1	casp9	cbl	plcg2	sh3bgrl	reps1	crk	rps6ka5	plec	stat5b	ptprr	htt	araf	ptk6	rps6ka3	map3k1	map2k7	socs1	socs3	map3k2	map3k4	map3k3	jund	ceacam1	reps2	appl2	pld1	pld2	cav1	ctnnd1	plcg1	errfi1	sp1	cblc	ralb	pxn	ap2a1	klf11	atf1	pak1	krt17	nras	hdac1	krt18	eps15l1	mapk1	mapk14	mapk3	dnm1	mapk8	rps6ka1	csk	myc	sh2d3c	cav2	map2k1	map2k3	map2k2	stat5a	raf1	rac1	creb1	kras	eps8	mcf2	mta2	gja1	hat1	ptpn5	tnk2	rab5a	nck2	nck1	camk2a	fos	itch	foxo1	wasl	gab2	gab1	plscr1	appl1	hip1	sh3gl2	sh3gl3	smad2	smad3	snca	dok2	epn1	eppk1	prkca	prkcb	ripk1	ralbp1	prkci	eps15	map3k14	ndufa13	grb7	grb2	grb10	eef1a1	pitpna	ralgds	egf	gm12260	hras	shc1	egfr	tnip1	usp6nl	asap1	grb14	wnk1	ptk2b	rbbp7	ptpn11	pik3cd	pik3ca	prkar1a	rgs16	pik3r2	pik3r1	ptpn12	zpr1	pik3cb	cdc42	jak1	jak2	sin3a	pkn2	pik3cg	elk1	elk4	map2k5	mapk7	tgif1	ywhab	rps6ka2	vav1	vav2	rasa1	dusp1	rfxank	pik3r3	ptpn6	cebpb	cblb	shoc2	sos2	sos1	pebp1	cebpa	krt7	krt8	inppl1	vav3	elf3	akt1	arf4
wp578	leptin insulin overlap	lepr	stat3	irs2	insr	ins1	pik3cg	pik3r3	pdpk1	socs1	socs3	irs1	dgkz	socs2	irs3	jak2	irs4	akt1
wp6	integrin-mediated cell adhesion	bcar1	crk	src	itga11	itgad	itgb4	pak3	araf	mapk12	arhgef7	mapk4	cav1	mapk6	rap1a	pxn	selenop	pak1	zyx	mapk1	rock2	itgb3	itgax	itgav	braf	itgb1	itgb5	rock1	csk	rapgef1	rac3	rac2	cav2	cav3	map2k1	map2k3	map2k2	raf1	map2k6	rac1	rap1b	itgae	itga7	itga5	itga6	pak6	itga4	itga9	itgal	itgam	itga10	itga2	itga2b	itga3	capn11	pdpk1	dock1	itga1	akt3	actn1	capn6	capn7	capn2	capn3	capns1	capn5	capn1	grb2	shc3	hras	shc1	itgb8	itgb6	itgb7	pak2	itgb2	itga8	vcl	tns1	mapk10	pik3r2	rho	capn10	fyn	cdc42	tln1	map2k5	mapk7	mylk2	vasp	vav2	ilk	pak4	capn9	ptk2	sos1	git2	vav3	sorbs1	akt2	akt1
wp608	mir-1 in cardiac development	hand2	irx5	kcnd2
wp63	pentose phosphate pathway	taldo1	pgls	tkt	g6pdx	rpe	rpia	pgd
wp65	insulin signaling	jun	pfkm	stxbp1	stxbp4	pfkl	prkcq	crk	prkcz	gsk3b	kif3a	tsc1	irs4	ehd2	igf1r	cbl	rhoq	stxbp3	slc2a4	cyth3	rps6ka5	tsc2	ptprf	mapk12	rab4a	map3k1	map2k7	map3k11	socs3	map3k2	map3k12	map3k4	map3k3	map3k7	map3k5	rhoj	myo1c	kif5b	eif4ebp1	eif4e	mapk4	rrad	mapk6	rps6ka6	rac1	snap25	snap23	map4k2	mapk1	map3k8	map4k1	mapk14	mapk3	mapk10	mapk13	mapk8	rps6ka1	rps6ka2	slc2a1	arhgap33	sgk3	rapgef1	map2k1	map2k3	map2k2	raf1	map2k6	map2k4	pik3c3	enpp1	lipe	prkaa1	prkaa2	rac2	pten	tbc1d4	map4k5	mapk9	ppp1cc	ehd1	trib3	fos	rps6ka4	foxo1	gys1	map4k3	ikbkb	vamp2	inppl1	gab1	gys2	insr	map3k9	pdpk1	map3k6	pik3r4	rps6kb1	rps6kb2	prkca	prkcb	prkcd	prkch	prkci	cap1	map3k14	xbp1	grb2	grb10	flot1	flot2	hras	shc1	sorbs1	sh2b2	grb14	srf	ptpn11	ptpn1	pik3cd	pik3ca	pik3c2g	pik3c2a	map3k13	pik3r2	pik3r1	mtor	pik3cb	egr1	map3k10	sgk1	pik3cg	shc2	elk1	map2k5	mapk7	sgk2	map4k4	rheb	cblc	stxbp2	mapk11	rps6ka3	pik3r3	foxo3	cblb	irs1	sos2	sos1	irs3	stx4a	arf6	inpp4a	socs1	akt2	shc3	mink1	akt1	gyg	arf1
wp662	amino acid metabolism	ppm1l	prodh	fh1	g6pc2	ogdh	pdha1
wp683	leptin and adiponectin	lep	lepr	prkaa1	prkag1	cpt1a	prkab1	acaca	adipor2	adipor1	adipoq
wp723	wnt signaling pathway and pluripotency	sox2	jun	nlk	prkcq	prkd1	prkcz	gsk3b	apc	ppard	lef1	plau	hnf1a	wnt16	fbxw2	map3k7	racgap1	mmp7	zbtb33	ppp2r5c	ppp2r5e	csnk1e	ctnnd1	lrp5	ctnnb1	lrp6	ctbp1	ctbp2	ep300	pafah1b1	dvl3	wnt10a	wnt1	mapk10	dvl2	myc	nanog	cd44	frat1	fzd2	crebbp	pou5f1	wnt5a	wnt5b	wnt3a	wnt4	wnt2b	wnt3	wnt9b	wnt2	wnt10b	mapk9	axin2	axin1	ppm1j	fosl1	ppp2r2d	ppp2r1b	wnt7b	wnt7a	wnt6	nkd1	ccnd2	ccnd3	ccnd1	ppp2ca	ppp2cb	prkca	prkcb	prkcg	prkcd	prkce	prkch	prkci	wnt11	nfya	ldlr	nkd2	ptpa	ppp2r2c	ppp2r2a	dvl1	fzd7	fzd6	fzd1	fzd3	ppp2r1a	fzd5	fzd4	ppp2r2b	trp53	foxd3	fzd8	fzd9	tcf4	hnf1b	tcf7l1	rhoa
wp730	glutathione and one carbon metabolism	oplah	mat2b	gss	mthfr	g6pdx	shmt1	ggt1	gclm	gpx2	gpx1	bhmt	ahcyl2	gpx3	chdh	mat1a	amt	idh1	ggt5	cth	gsr	gclc	mtr	mtrr	dnmt1	dnmt3a	dnmt3b	shmt2	ahcy	anpep	cbs	gpx4
wp79	tryptophan metabolism	cyp2c55	aldh9a1	hsd17b10	wars	asmt	ogdh	hadh	ubr5	inmt	tph1	haao	ube3a	echs1	aldh2	aldh1a1	acat1	cat	gcdh	cyp7b1	tdo2	cyp2e1	aox1	rnf25	ido1	maob	acmsd	aldh1a2	prmt1	aoc1	dhcr24	kynu	cyp19a1	aldh3a2	cyp2f2	cyp1a1	aadat	cyp1a2	cyp1b1	ddc	afmid	cyp4f14	aanat	cyp2j6	mdm2
wp85	focal adhesion	jun	elk1	bcar1	col4a6	crkl	crk	vwf	vtn	fgr	gsk3b	col5a2	col5a1	map2k6	src	tnn	col6a2	diaph1	itga11	pdgfc	itgad	actg1	actb	itgb4	rhob	arhgap5	parvb	pak3	araf	pelo	lama1	lama2	lama3	lama4	lama5	thbs3	txk	col4a4	itga9	col2a1	col3a1	col4a1	col4a2	mapk4	cav1	akt2	flna	selenop	blk	rap1a	pxn	styk1	fn1	lamc1	pak1	zyx	lamc3	mapk1	tesk2	itgb3	itgax	braf	itgb1	mapk8	itgb5	rock1	vegfd	mylk	lamb3	lamc2	bad	rapgef1	rac3	rap1b	cav2	cav3	map2k1	map2k3	map2k2	reln	mapk6	rac1	rac2	erbb2	pten	itgae	itga7	itga5	itga6	itga3	chad	col1a1	col1a2	actn1	itgal	mapk9	tnk2	hgf	tnc	itga10	itga2	itga2b	ibsp	thbs4	pak6	itga4	thbs2	pdpk1	thbs1	pik3r4	pdgfa	pdgfb	pdgfrb	pdgfra	akt3	ccnd2	ccnd3	ccnd1	igf1	itga8	itgam	capn1	farp2	grb2	flt1	egf	shc3	met	shc1	itgb8	itgb6	itgb7	egfr	pak2	pdgfd	itgb2	rock2	col5a3	vegfa	vcl	tnr	pik3cd	pik3ca	lamb2	pik3r5	pik3r2	pik3r1	col11a2	col11a1	pik3cb	cdc42	fyn	spp1	pik3cg	tln1	map2k5	mapk7	pak7	ptk6	mylk2	srms	vasp	vav1	pgf	ilk	pak4	mapk12	pip5k1c	vegfb	vegfc	ppp1r12a	bcl2	ptk2	sos1	lamb1	hck	myl6	birc2	birc3	tnk1	rhoa	tnxb	akt1
wp87	nucleotide metabolism	rrm2b	hprt	prps1	pola1	mthfd2	pold1	sat1	impdh1	polg	rrm2	polb	prps2	rrm1	nme2	oaz1	srm	dhfr	adsl	adss
wp88	toll like receptor signaling	traf3	tlr3	traf6	abi1	nfkb2	tlr2	mapk14	nfkb1	mxd3	irf3	casp8	tlr4	chuk	ticam2	tab2	ralbp1	map2k6	nr2c2	ikbke	tbk1	irak2	myd88	fadd	ikbkg	ticam1	casp3	mal	eif2ak2	tirap	irak3	ikbkb	irak4	irak1
wp93	il-4 signaling pathway	fyn	inpp5d	ptpn11	grk3	tyk2	pik3ca	spi1	pik3r2	prkcz	stat1	stam	mapk1	mapk14	mapk3	nfkb1	fes	jak1	pik3cd	jak3	jak2	il4ra	shc1	ets1	dok2	ncf1	cbl	hmga1	socs5	rps6kb1	prkcd	stat5a	il13ra1	stat6	prkci	prkd3	rasa1	rela	pik3r1	mapk11	grb2	crebbp	ptpn6	socs1	ptk2	irs1	il2rg	socs3	sos1	il4	lck	akt1	plcg1	cxcr4	elk1	pawr	bcl2l1	bad	ep300	src	atf2	irs2
